Copyright 1986-2021 Xilinx, Inc. All Rights Reserved.
---------------------------------------------------------------------------------------------------------------------------------------------------------------------------------------------------------------
| Tool Version : Vivado v.2021.2 (win64) Build 3367213 Tue Oct 19 02:48:09 MDT 2021
| Date         : Sun Nov 30 15:52:01 2025
| Host         : MagicBook-Pro-16-For-ZzzLTT running 64-bit major release  (build 9200)
| Command      : report_timing_summary -max_paths 10 -report_unconstrained -file eclock_timing_summary_routed.rpt -pb eclock_timing_summary_routed.pb -rpx eclock_timing_summary_routed.rpx -warn_on_violation
| Design       : eclock
| Device       : 7a100t-csg324
| Speed File   : -1  PRODUCTION 1.23 2018-06-13
---------------------------------------------------------------------------------------------------------------------------------------------------------------------------------------------------------------

Timing Summary Report

------------------------------------------------------------------------------------------------
| Timer Settings
| --------------
------------------------------------------------------------------------------------------------

  Enable Multi Corner Analysis               :  Yes
  Enable Pessimism Removal                   :  Yes
  Pessimism Removal Resolution               :  Nearest Common Node
  Enable Input Delay Default Clock           :  No
  Enable Preset / Clear Arcs                 :  No
  Disable Flight Delays                      :  No
  Ignore I/O Paths                           :  No
  Timing Early Launch at Borrowing Latches   :  No
  Borrow Time for Max Delay Exceptions       :  Yes
  Merge Timing Exceptions                    :  Yes

  Corner  Analyze    Analyze    
  Name    Max Paths  Min Paths  
  ------  ---------  ---------  
  Slow    Yes        Yes        
  Fast    Yes        Yes        


------------------------------------------------------------------------------------------------
| Report Methodology
| ------------------
------------------------------------------------------------------------------------------------

Rule       Severity          Description                    Violations  
---------  ----------------  -----------------------------  ----------  
TIMING-17  Critical Warning  Non-clocked sequential cell    38          
TIMING-18  Warning           Missing input or output delay  20          

Note: This report is based on the most recent report_methodology run and may not be up-to-date. Run report_methodology on the current design for the latest report.



check_timing report

Table of Contents
-----------------
1. checking no_clock (38)
2. checking constant_clock (0)
3. checking pulse_width_clock (0)
4. checking unconstrained_internal_endpoints (76)
5. checking no_input_delay (6)
6. checking no_output_delay (20)
7. checking multiple_clock (0)
8. checking generated_clocks (0)
9. checking loops (0)
10. checking partial_input_delay (0)
11. checking partial_output_delay (0)
12. checking latch_loops (0)

1. checking no_clock (38)
-------------------------
 There are 38 register/latch pins with no clock driven by root clock pin: divider/CLK_1Hz_Out_reg/Q (HIGH)


2. checking constant_clock (0)
------------------------------
 There are 0 register/latch pins with constant_clock.


3. checking pulse_width_clock (0)
---------------------------------
 There are 0 register/latch pins which need pulse_width check


4. checking unconstrained_internal_endpoints (76)
-------------------------------------------------
 There are 76 pins that are not constrained for maximum delay. (HIGH)

 There are 0 pins that are not constrained for maximum delay due to constant clock.


5. checking no_input_delay (6)
------------------------------
 There are 6 input ports with no input delay specified. (HIGH)

 There are 0 input ports with no input delay but user has a false path constraint.


6. checking no_output_delay (20)
--------------------------------
 There are 20 ports with no output delay specified. (HIGH)

 There are 0 ports with no output delay but user has a false path constraint

 There are 0 ports with no output delay but with a timing clock defined on it or propagating through it


7. checking multiple_clock (0)
------------------------------
 There are 0 register/latch pins with multiple clocks.


8. checking generated_clocks (0)
--------------------------------
 There are 0 generated clocks that are not connected to a clock source.


9. checking loops (0)
---------------------
 There are 0 combinational loops in the design.


10. checking partial_input_delay (0)
------------------------------------
 There are 0 input ports with partial input delay specified.


11. checking partial_output_delay (0)
-------------------------------------
 There are 0 ports with partial output delay specified.


12. checking latch_loops (0)
----------------------------
 There are 0 combinational latch loops in the design through latch input



------------------------------------------------------------------------------------------------
| Design Timing Summary
| ---------------------
------------------------------------------------------------------------------------------------

    WNS(ns)      TNS(ns)  TNS Failing Endpoints  TNS Total Endpoints      WHS(ns)      THS(ns)  THS Failing Endpoints  THS Total Endpoints     WPWS(ns)     TPWS(ns)  TPWS Failing Endpoints  TPWS Total Endpoints  
    -------      -------  ---------------------  -------------------      -------      -------  ---------------------  -------------------     --------     --------  ----------------------  --------------------  
      5.947        0.000                      0                   71        0.262        0.000                      0                   71        4.500        0.000                       0                    52  


All user specified timing constraints are met.


------------------------------------------------------------------------------------------------
| Clock Summary
| -------------
------------------------------------------------------------------------------------------------

Clock        Waveform(ns)       Period(ns)      Frequency(MHz)
-----        ------------       ----------      --------------
sys_clk_pin  {0.000 5.000}      10.000          100.000         


------------------------------------------------------------------------------------------------
| Intra Clock Table
| -----------------
------------------------------------------------------------------------------------------------

Clock             WNS(ns)      TNS(ns)  TNS Failing Endpoints  TNS Total Endpoints      WHS(ns)      THS(ns)  THS Failing Endpoints  THS Total Endpoints     WPWS(ns)     TPWS(ns)  TPWS Failing Endpoints  TPWS Total Endpoints  
-----             -------      -------  ---------------------  -------------------      -------      -------  ---------------------  -------------------     --------     --------  ----------------------  --------------------  
sys_clk_pin         5.947        0.000                      0                   71        0.262        0.000                      0                   71        4.500        0.000                       0                    52  


------------------------------------------------------------------------------------------------
| Inter Clock Table
| -----------------
------------------------------------------------------------------------------------------------

From Clock    To Clock          WNS(ns)      TNS(ns)  TNS Failing Endpoints  TNS Total Endpoints      WHS(ns)      THS(ns)  THS Failing Endpoints  THS Total Endpoints  
----------    --------          -------      -------  ---------------------  -------------------      -------      -------  ---------------------  -------------------  


------------------------------------------------------------------------------------------------
| Other Path Groups Table
| -----------------------
------------------------------------------------------------------------------------------------

Path Group    From Clock    To Clock          WNS(ns)      TNS(ns)  TNS Failing Endpoints  TNS Total Endpoints      WHS(ns)      THS(ns)  THS Failing Endpoints  THS Total Endpoints  
----------    ----------    --------          -------      -------  ---------------------  -------------------      -------      -------  ---------------------  -------------------  


------------------------------------------------------------------------------------------------
| User Ignored Path Table
| -----------------------
------------------------------------------------------------------------------------------------

Path Group    From Clock    To Clock    
----------    ----------    --------    


------------------------------------------------------------------------------------------------
| Unconstrained Path Table
| ------------------------
------------------------------------------------------------------------------------------------

Path Group    From Clock    To Clock    
----------    ----------    --------    
(none)                                    
(none)        sys_clk_pin                 
(none)                      sys_clk_pin   


------------------------------------------------------------------------------------------------
| Timing Details
| --------------
------------------------------------------------------------------------------------------------


---------------------------------------------------------------------------------------------------
From Clock:  sys_clk_pin
  To Clock:  sys_clk_pin

Setup :            0  Failing Endpoints,  Worst Slack        5.947ns,  Total Violation        0.000ns
Hold  :            0  Failing Endpoints,  Worst Slack        0.262ns,  Total Violation        0.000ns
PW    :            0  Failing Endpoints,  Worst Slack        4.500ns,  Total Violation        0.000ns
---------------------------------------------------------------------------------------------------


Max Delay Paths
--------------------------------------------------------------------------------------
Slack (MET) :             5.947ns  (required time - arrival time)
  Source:                 u_seg8/scan_cnt_reg[13]/C
                            (rising edge-triggered cell FDRE clocked by sys_clk_pin  {rise@0.000ns fall@5.000ns period=10.000ns})
  Destination:            u_seg8/scan_cnt_reg[10]/R
                            (rising edge-triggered cell FDRE clocked by sys_clk_pin  {rise@0.000ns fall@5.000ns period=10.000ns})
  Path Group:             sys_clk_pin
  Path Type:              Setup (Max at Slow Process Corner)
  Requirement:            10.000ns  (sys_clk_pin rise@10.000ns - sys_clk_pin rise@0.000ns)
  Data Path Delay:        3.564ns  (logic 0.828ns (23.235%)  route 2.736ns (76.765%))
  Logic Levels:           3  (LUT4=1 LUT6=2)
  Clock Path Skew:        -0.025ns (DCD - SCD + CPR)
    Destination Clock Delay (DCD):    4.936ns = ( 14.936 - 10.000 ) 
    Source Clock Delay      (SCD):    5.237ns
    Clock Pessimism Removal (CPR):    0.276ns
  Clock Uncertainty:      0.035ns  ((TSJ^2 + TIJ^2)^1/2 + DJ) / 2 + PE
    Total System Jitter     (TSJ):    0.071ns
    Total Input Jitter      (TIJ):    0.000ns
    Discrete Jitter          (DJ):    0.000ns
    Phase Error              (PE):    0.000ns

    Location             Delay type                Incr(ns)  Path(ns)    Netlist Resource(s)
  -------------------------------------------------------------------    -------------------
                         (clock sys_clk_pin rise edge)
                                                      0.000     0.000 r  
    E3                                                0.000     0.000 r  CLK (IN)
                         net (fo=0)                   0.000     0.000    CLK
    E3                   IBUF (Prop_ibuf_I_O)         1.482     1.482 r  CLK_IBUF_inst/O
                         net (fo=1, routed)           2.025     3.506    CLK_IBUF
    BUFGCTRL_X0Y16       BUFG (Prop_bufg_I_O)         0.096     3.602 r  CLK_IBUF_BUFG_inst/O
                         net (fo=51, routed)          1.634     5.237    u_seg8/CLK_IBUF_BUFG
    SLICE_X49Y94         FDRE                                         r  u_seg8/scan_cnt_reg[13]/C
  -------------------------------------------------------------------    -------------------
    SLICE_X49Y94         FDRE (Prop_fdre_C_Q)         0.456     5.693 f  u_seg8/scan_cnt_reg[13]/Q
                         net (fo=2, routed)           0.965     6.658    u_seg8/scan_cnt[13]
    SLICE_X48Y92         LUT4 (Prop_lut4_I0_O)        0.124     6.782 f  u_seg8/scan_cnt[19]_i_5/O
                         net (fo=1, routed)           0.561     7.343    u_seg8/scan_cnt[19]_i_5_n_0
    SLICE_X48Y92         LUT6 (Prop_lut6_I5_O)        0.124     7.467 f  u_seg8/scan_cnt[19]_i_3/O
                         net (fo=1, routed)           0.416     7.883    u_seg8/scan_cnt[19]_i_3_n_0
    SLICE_X48Y93         LUT6 (Prop_lut6_I5_O)        0.124     8.007 r  u_seg8/scan_cnt[19]_i_1/O
                         net (fo=23, routed)          0.794     8.800    u_seg8/digit_sel
    SLICE_X49Y93         FDRE                                         r  u_seg8/scan_cnt_reg[10]/R
  -------------------------------------------------------------------    -------------------

                         (clock sys_clk_pin rise edge)
                                                     10.000    10.000 r  
    E3                                                0.000    10.000 r  CLK (IN)
                         net (fo=0)                   0.000    10.000    CLK
    E3                   IBUF (Prop_ibuf_I_O)         1.411    11.411 r  CLK_IBUF_inst/O
                         net (fo=1, routed)           1.920    13.331    CLK_IBUF
    BUFGCTRL_X0Y16       BUFG (Prop_bufg_I_O)         0.091    13.422 r  CLK_IBUF_BUFG_inst/O
                         net (fo=51, routed)          1.513    14.936    u_seg8/CLK_IBUF_BUFG
    SLICE_X49Y93         FDRE                                         r  u_seg8/scan_cnt_reg[10]/C
                         clock pessimism              0.276    15.212    
                         clock uncertainty           -0.035    15.176    
    SLICE_X49Y93         FDRE (Setup_fdre_C_R)       -0.429    14.747    u_seg8/scan_cnt_reg[10]
  -------------------------------------------------------------------
                         required time                         14.747    
                         arrival time                          -8.800    
  -------------------------------------------------------------------
                         slack                                  5.947    

Slack (MET) :             5.947ns  (required time - arrival time)
  Source:                 u_seg8/scan_cnt_reg[13]/C
                            (rising edge-triggered cell FDRE clocked by sys_clk_pin  {rise@0.000ns fall@5.000ns period=10.000ns})
  Destination:            u_seg8/scan_cnt_reg[11]/R
                            (rising edge-triggered cell FDRE clocked by sys_clk_pin  {rise@0.000ns fall@5.000ns period=10.000ns})
  Path Group:             sys_clk_pin
  Path Type:              Setup (Max at Slow Process Corner)
  Requirement:            10.000ns  (sys_clk_pin rise@10.000ns - sys_clk_pin rise@0.000ns)
  Data Path Delay:        3.564ns  (logic 0.828ns (23.235%)  route 2.736ns (76.765%))
  Logic Levels:           3  (LUT4=1 LUT6=2)
  Clock Path Skew:        -0.025ns (DCD - SCD + CPR)
    Destination Clock Delay (DCD):    4.936ns = ( 14.936 - 10.000 ) 
    Source Clock Delay      (SCD):    5.237ns
    Clock Pessimism Removal (CPR):    0.276ns
  Clock Uncertainty:      0.035ns  ((TSJ^2 + TIJ^2)^1/2 + DJ) / 2 + PE
    Total System Jitter     (TSJ):    0.071ns
    Total Input Jitter      (TIJ):    0.000ns
    Discrete Jitter          (DJ):    0.000ns
    Phase Error              (PE):    0.000ns

    Location             Delay type                Incr(ns)  Path(ns)    Netlist Resource(s)
  -------------------------------------------------------------------    -------------------
                         (clock sys_clk_pin rise edge)
                                                      0.000     0.000 r  
    E3                                                0.000     0.000 r  CLK (IN)
                         net (fo=0)                   0.000     0.000    CLK
    E3                   IBUF (Prop_ibuf_I_O)         1.482     1.482 r  CLK_IBUF_inst/O
                         net (fo=1, routed)           2.025     3.506    CLK_IBUF
    BUFGCTRL_X0Y16       BUFG (Prop_bufg_I_O)         0.096     3.602 r  CLK_IBUF_BUFG_inst/O
                         net (fo=51, routed)          1.634     5.237    u_seg8/CLK_IBUF_BUFG
    SLICE_X49Y94         FDRE                                         r  u_seg8/scan_cnt_reg[13]/C
  -------------------------------------------------------------------    -------------------
    SLICE_X49Y94         FDRE (Prop_fdre_C_Q)         0.456     5.693 f  u_seg8/scan_cnt_reg[13]/Q
                         net (fo=2, routed)           0.965     6.658    u_seg8/scan_cnt[13]
    SLICE_X48Y92         LUT4 (Prop_lut4_I0_O)        0.124     6.782 f  u_seg8/scan_cnt[19]_i_5/O
                         net (fo=1, routed)           0.561     7.343    u_seg8/scan_cnt[19]_i_5_n_0
    SLICE_X48Y92         LUT6 (Prop_lut6_I5_O)        0.124     7.467 f  u_seg8/scan_cnt[19]_i_3/O
                         net (fo=1, routed)           0.416     7.883    u_seg8/scan_cnt[19]_i_3_n_0
    SLICE_X48Y93         LUT6 (Prop_lut6_I5_O)        0.124     8.007 r  u_seg8/scan_cnt[19]_i_1/O
                         net (fo=23, routed)          0.794     8.800    u_seg8/digit_sel
    SLICE_X49Y93         FDRE                                         r  u_seg8/scan_cnt_reg[11]/R
  -------------------------------------------------------------------    -------------------

                         (clock sys_clk_pin rise edge)
                                                     10.000    10.000 r  
    E3                                                0.000    10.000 r  CLK (IN)
                         net (fo=0)                   0.000    10.000    CLK
    E3                   IBUF (Prop_ibuf_I_O)         1.411    11.411 r  CLK_IBUF_inst/O
                         net (fo=1, routed)           1.920    13.331    CLK_IBUF
    BUFGCTRL_X0Y16       BUFG (Prop_bufg_I_O)         0.091    13.422 r  CLK_IBUF_BUFG_inst/O
                         net (fo=51, routed)          1.513    14.936    u_seg8/CLK_IBUF_BUFG
    SLICE_X49Y93         FDRE                                         r  u_seg8/scan_cnt_reg[11]/C
                         clock pessimism              0.276    15.212    
                         clock uncertainty           -0.035    15.176    
    SLICE_X49Y93         FDRE (Setup_fdre_C_R)       -0.429    14.747    u_seg8/scan_cnt_reg[11]
  -------------------------------------------------------------------
                         required time                         14.747    
                         arrival time                          -8.800    
  -------------------------------------------------------------------
                         slack                                  5.947    

Slack (MET) :             5.947ns  (required time - arrival time)
  Source:                 u_seg8/scan_cnt_reg[13]/C
                            (rising edge-triggered cell FDRE clocked by sys_clk_pin  {rise@0.000ns fall@5.000ns period=10.000ns})
  Destination:            u_seg8/scan_cnt_reg[12]/R
                            (rising edge-triggered cell FDRE clocked by sys_clk_pin  {rise@0.000ns fall@5.000ns period=10.000ns})
  Path Group:             sys_clk_pin
  Path Type:              Setup (Max at Slow Process Corner)
  Requirement:            10.000ns  (sys_clk_pin rise@10.000ns - sys_clk_pin rise@0.000ns)
  Data Path Delay:        3.564ns  (logic 0.828ns (23.235%)  route 2.736ns (76.765%))
  Logic Levels:           3  (LUT4=1 LUT6=2)
  Clock Path Skew:        -0.025ns (DCD - SCD + CPR)
    Destination Clock Delay (DCD):    4.936ns = ( 14.936 - 10.000 ) 
    Source Clock Delay      (SCD):    5.237ns
    Clock Pessimism Removal (CPR):    0.276ns
  Clock Uncertainty:      0.035ns  ((TSJ^2 + TIJ^2)^1/2 + DJ) / 2 + PE
    Total System Jitter     (TSJ):    0.071ns
    Total Input Jitter      (TIJ):    0.000ns
    Discrete Jitter          (DJ):    0.000ns
    Phase Error              (PE):    0.000ns

    Location             Delay type                Incr(ns)  Path(ns)    Netlist Resource(s)
  -------------------------------------------------------------------    -------------------
                         (clock sys_clk_pin rise edge)
                                                      0.000     0.000 r  
    E3                                                0.000     0.000 r  CLK (IN)
                         net (fo=0)                   0.000     0.000    CLK
    E3                   IBUF (Prop_ibuf_I_O)         1.482     1.482 r  CLK_IBUF_inst/O
                         net (fo=1, routed)           2.025     3.506    CLK_IBUF
    BUFGCTRL_X0Y16       BUFG (Prop_bufg_I_O)         0.096     3.602 r  CLK_IBUF_BUFG_inst/O
                         net (fo=51, routed)          1.634     5.237    u_seg8/CLK_IBUF_BUFG
    SLICE_X49Y94         FDRE                                         r  u_seg8/scan_cnt_reg[13]/C
  -------------------------------------------------------------------    -------------------
    SLICE_X49Y94         FDRE (Prop_fdre_C_Q)         0.456     5.693 f  u_seg8/scan_cnt_reg[13]/Q
                         net (fo=2, routed)           0.965     6.658    u_seg8/scan_cnt[13]
    SLICE_X48Y92         LUT4 (Prop_lut4_I0_O)        0.124     6.782 f  u_seg8/scan_cnt[19]_i_5/O
                         net (fo=1, routed)           0.561     7.343    u_seg8/scan_cnt[19]_i_5_n_0
    SLICE_X48Y92         LUT6 (Prop_lut6_I5_O)        0.124     7.467 f  u_seg8/scan_cnt[19]_i_3/O
                         net (fo=1, routed)           0.416     7.883    u_seg8/scan_cnt[19]_i_3_n_0
    SLICE_X48Y93         LUT6 (Prop_lut6_I5_O)        0.124     8.007 r  u_seg8/scan_cnt[19]_i_1/O
                         net (fo=23, routed)          0.794     8.800    u_seg8/digit_sel
    SLICE_X49Y93         FDRE                                         r  u_seg8/scan_cnt_reg[12]/R
  -------------------------------------------------------------------    -------------------

                         (clock sys_clk_pin rise edge)
                                                     10.000    10.000 r  
    E3                                                0.000    10.000 r  CLK (IN)
                         net (fo=0)                   0.000    10.000    CLK
    E3                   IBUF (Prop_ibuf_I_O)         1.411    11.411 r  CLK_IBUF_inst/O
                         net (fo=1, routed)           1.920    13.331    CLK_IBUF
    BUFGCTRL_X0Y16       BUFG (Prop_bufg_I_O)         0.091    13.422 r  CLK_IBUF_BUFG_inst/O
                         net (fo=51, routed)          1.513    14.936    u_seg8/CLK_IBUF_BUFG
    SLICE_X49Y93         FDRE                                         r  u_seg8/scan_cnt_reg[12]/C
                         clock pessimism              0.276    15.212    
                         clock uncertainty           -0.035    15.176    
    SLICE_X49Y93         FDRE (Setup_fdre_C_R)       -0.429    14.747    u_seg8/scan_cnt_reg[12]
  -------------------------------------------------------------------
                         required time                         14.747    
                         arrival time                          -8.800    
  -------------------------------------------------------------------
                         slack                                  5.947    

Slack (MET) :             5.947ns  (required time - arrival time)
  Source:                 u_seg8/scan_cnt_reg[13]/C
                            (rising edge-triggered cell FDRE clocked by sys_clk_pin  {rise@0.000ns fall@5.000ns period=10.000ns})
  Destination:            u_seg8/scan_cnt_reg[9]/R
                            (rising edge-triggered cell FDRE clocked by sys_clk_pin  {rise@0.000ns fall@5.000ns period=10.000ns})
  Path Group:             sys_clk_pin
  Path Type:              Setup (Max at Slow Process Corner)
  Requirement:            10.000ns  (sys_clk_pin rise@10.000ns - sys_clk_pin rise@0.000ns)
  Data Path Delay:        3.564ns  (logic 0.828ns (23.235%)  route 2.736ns (76.765%))
  Logic Levels:           3  (LUT4=1 LUT6=2)
  Clock Path Skew:        -0.025ns (DCD - SCD + CPR)
    Destination Clock Delay (DCD):    4.936ns = ( 14.936 - 10.000 ) 
    Source Clock Delay      (SCD):    5.237ns
    Clock Pessimism Removal (CPR):    0.276ns
  Clock Uncertainty:      0.035ns  ((TSJ^2 + TIJ^2)^1/2 + DJ) / 2 + PE
    Total System Jitter     (TSJ):    0.071ns
    Total Input Jitter      (TIJ):    0.000ns
    Discrete Jitter          (DJ):    0.000ns
    Phase Error              (PE):    0.000ns

    Location             Delay type                Incr(ns)  Path(ns)    Netlist Resource(s)
  -------------------------------------------------------------------    -------------------
                         (clock sys_clk_pin rise edge)
                                                      0.000     0.000 r  
    E3                                                0.000     0.000 r  CLK (IN)
                         net (fo=0)                   0.000     0.000    CLK
    E3                   IBUF (Prop_ibuf_I_O)         1.482     1.482 r  CLK_IBUF_inst/O
                         net (fo=1, routed)           2.025     3.506    CLK_IBUF
    BUFGCTRL_X0Y16       BUFG (Prop_bufg_I_O)         0.096     3.602 r  CLK_IBUF_BUFG_inst/O
                         net (fo=51, routed)          1.634     5.237    u_seg8/CLK_IBUF_BUFG
    SLICE_X49Y94         FDRE                                         r  u_seg8/scan_cnt_reg[13]/C
  -------------------------------------------------------------------    -------------------
    SLICE_X49Y94         FDRE (Prop_fdre_C_Q)         0.456     5.693 f  u_seg8/scan_cnt_reg[13]/Q
                         net (fo=2, routed)           0.965     6.658    u_seg8/scan_cnt[13]
    SLICE_X48Y92         LUT4 (Prop_lut4_I0_O)        0.124     6.782 f  u_seg8/scan_cnt[19]_i_5/O
                         net (fo=1, routed)           0.561     7.343    u_seg8/scan_cnt[19]_i_5_n_0
    SLICE_X48Y92         LUT6 (Prop_lut6_I5_O)        0.124     7.467 f  u_seg8/scan_cnt[19]_i_3/O
                         net (fo=1, routed)           0.416     7.883    u_seg8/scan_cnt[19]_i_3_n_0
    SLICE_X48Y93         LUT6 (Prop_lut6_I5_O)        0.124     8.007 r  u_seg8/scan_cnt[19]_i_1/O
                         net (fo=23, routed)          0.794     8.800    u_seg8/digit_sel
    SLICE_X49Y93         FDRE                                         r  u_seg8/scan_cnt_reg[9]/R
  -------------------------------------------------------------------    -------------------

                         (clock sys_clk_pin rise edge)
                                                     10.000    10.000 r  
    E3                                                0.000    10.000 r  CLK (IN)
                         net (fo=0)                   0.000    10.000    CLK
    E3                   IBUF (Prop_ibuf_I_O)         1.411    11.411 r  CLK_IBUF_inst/O
                         net (fo=1, routed)           1.920    13.331    CLK_IBUF
    BUFGCTRL_X0Y16       BUFG (Prop_bufg_I_O)         0.091    13.422 r  CLK_IBUF_BUFG_inst/O
                         net (fo=51, routed)          1.513    14.936    u_seg8/CLK_IBUF_BUFG
    SLICE_X49Y93         FDRE                                         r  u_seg8/scan_cnt_reg[9]/C
                         clock pessimism              0.276    15.212    
                         clock uncertainty           -0.035    15.176    
    SLICE_X49Y93         FDRE (Setup_fdre_C_R)       -0.429    14.747    u_seg8/scan_cnt_reg[9]
  -------------------------------------------------------------------
                         required time                         14.747    
                         arrival time                          -8.800    
  -------------------------------------------------------------------
                         slack                                  5.947    

Slack (MET) :             6.006ns  (required time - arrival time)
  Source:                 u_seg8/scan_cnt_reg[13]/C
                            (rising edge-triggered cell FDRE clocked by sys_clk_pin  {rise@0.000ns fall@5.000ns period=10.000ns})
  Destination:            u_seg8/scan_cnt_reg[17]/R
                            (rising edge-triggered cell FDRE clocked by sys_clk_pin  {rise@0.000ns fall@5.000ns period=10.000ns})
  Path Group:             sys_clk_pin
  Path Type:              Setup (Max at Slow Process Corner)
  Requirement:            10.000ns  (sys_clk_pin rise@10.000ns - sys_clk_pin rise@0.000ns)
  Data Path Delay:        3.504ns  (logic 0.828ns (23.629%)  route 2.676ns (76.371%))
  Logic Levels:           3  (LUT4=1 LUT6=2)
  Clock Path Skew:        -0.025ns (DCD - SCD + CPR)
    Destination Clock Delay (DCD):    4.936ns = ( 14.936 - 10.000 ) 
    Source Clock Delay      (SCD):    5.237ns
    Clock Pessimism Removal (CPR):    0.276ns
  Clock Uncertainty:      0.035ns  ((TSJ^2 + TIJ^2)^1/2 + DJ) / 2 + PE
    Total System Jitter     (TSJ):    0.071ns
    Total Input Jitter      (TIJ):    0.000ns
    Discrete Jitter          (DJ):    0.000ns
    Phase Error              (PE):    0.000ns

    Location             Delay type                Incr(ns)  Path(ns)    Netlist Resource(s)
  -------------------------------------------------------------------    -------------------
                         (clock sys_clk_pin rise edge)
                                                      0.000     0.000 r  
    E3                                                0.000     0.000 r  CLK (IN)
                         net (fo=0)                   0.000     0.000    CLK
    E3                   IBUF (Prop_ibuf_I_O)         1.482     1.482 r  CLK_IBUF_inst/O
                         net (fo=1, routed)           2.025     3.506    CLK_IBUF
    BUFGCTRL_X0Y16       BUFG (Prop_bufg_I_O)         0.096     3.602 r  CLK_IBUF_BUFG_inst/O
                         net (fo=51, routed)          1.634     5.237    u_seg8/CLK_IBUF_BUFG
    SLICE_X49Y94         FDRE                                         r  u_seg8/scan_cnt_reg[13]/C
  -------------------------------------------------------------------    -------------------
    SLICE_X49Y94         FDRE (Prop_fdre_C_Q)         0.456     5.693 f  u_seg8/scan_cnt_reg[13]/Q
                         net (fo=2, routed)           0.965     6.658    u_seg8/scan_cnt[13]
    SLICE_X48Y92         LUT4 (Prop_lut4_I0_O)        0.124     6.782 f  u_seg8/scan_cnt[19]_i_5/O
                         net (fo=1, routed)           0.561     7.343    u_seg8/scan_cnt[19]_i_5_n_0
    SLICE_X48Y92         LUT6 (Prop_lut6_I5_O)        0.124     7.467 f  u_seg8/scan_cnt[19]_i_3/O
                         net (fo=1, routed)           0.416     7.883    u_seg8/scan_cnt[19]_i_3_n_0
    SLICE_X48Y93         LUT6 (Prop_lut6_I5_O)        0.124     8.007 r  u_seg8/scan_cnt[19]_i_1/O
                         net (fo=23, routed)          0.734     8.741    u_seg8/digit_sel
    SLICE_X49Y95         FDRE                                         r  u_seg8/scan_cnt_reg[17]/R
  -------------------------------------------------------------------    -------------------

                         (clock sys_clk_pin rise edge)
                                                     10.000    10.000 r  
    E3                                                0.000    10.000 r  CLK (IN)
                         net (fo=0)                   0.000    10.000    CLK
    E3                   IBUF (Prop_ibuf_I_O)         1.411    11.411 r  CLK_IBUF_inst/O
                         net (fo=1, routed)           1.920    13.331    CLK_IBUF
    BUFGCTRL_X0Y16       BUFG (Prop_bufg_I_O)         0.091    13.422 r  CLK_IBUF_BUFG_inst/O
                         net (fo=51, routed)          1.513    14.936    u_seg8/CLK_IBUF_BUFG
    SLICE_X49Y95         FDRE                                         r  u_seg8/scan_cnt_reg[17]/C
                         clock pessimism              0.276    15.212    
                         clock uncertainty           -0.035    15.176    
    SLICE_X49Y95         FDRE (Setup_fdre_C_R)       -0.429    14.747    u_seg8/scan_cnt_reg[17]
  -------------------------------------------------------------------
                         required time                         14.747    
                         arrival time                          -8.741    
  -------------------------------------------------------------------
                         slack                                  6.006    

Slack (MET) :             6.006ns  (required time - arrival time)
  Source:                 u_seg8/scan_cnt_reg[13]/C
                            (rising edge-triggered cell FDRE clocked by sys_clk_pin  {rise@0.000ns fall@5.000ns period=10.000ns})
  Destination:            u_seg8/scan_cnt_reg[18]/R
                            (rising edge-triggered cell FDRE clocked by sys_clk_pin  {rise@0.000ns fall@5.000ns period=10.000ns})
  Path Group:             sys_clk_pin
  Path Type:              Setup (Max at Slow Process Corner)
  Requirement:            10.000ns  (sys_clk_pin rise@10.000ns - sys_clk_pin rise@0.000ns)
  Data Path Delay:        3.504ns  (logic 0.828ns (23.629%)  route 2.676ns (76.371%))
  Logic Levels:           3  (LUT4=1 LUT6=2)
  Clock Path Skew:        -0.025ns (DCD - SCD + CPR)
    Destination Clock Delay (DCD):    4.936ns = ( 14.936 - 10.000 ) 
    Source Clock Delay      (SCD):    5.237ns
    Clock Pessimism Removal (CPR):    0.276ns
  Clock Uncertainty:      0.035ns  ((TSJ^2 + TIJ^2)^1/2 + DJ) / 2 + PE
    Total System Jitter     (TSJ):    0.071ns
    Total Input Jitter      (TIJ):    0.000ns
    Discrete Jitter          (DJ):    0.000ns
    Phase Error              (PE):    0.000ns

    Location             Delay type                Incr(ns)  Path(ns)    Netlist Resource(s)
  -------------------------------------------------------------------    -------------------
                         (clock sys_clk_pin rise edge)
                                                      0.000     0.000 r  
    E3                                                0.000     0.000 r  CLK (IN)
                         net (fo=0)                   0.000     0.000    CLK
    E3                   IBUF (Prop_ibuf_I_O)         1.482     1.482 r  CLK_IBUF_inst/O
                         net (fo=1, routed)           2.025     3.506    CLK_IBUF
    BUFGCTRL_X0Y16       BUFG (Prop_bufg_I_O)         0.096     3.602 r  CLK_IBUF_BUFG_inst/O
                         net (fo=51, routed)          1.634     5.237    u_seg8/CLK_IBUF_BUFG
    SLICE_X49Y94         FDRE                                         r  u_seg8/scan_cnt_reg[13]/C
  -------------------------------------------------------------------    -------------------
    SLICE_X49Y94         FDRE (Prop_fdre_C_Q)         0.456     5.693 f  u_seg8/scan_cnt_reg[13]/Q
                         net (fo=2, routed)           0.965     6.658    u_seg8/scan_cnt[13]
    SLICE_X48Y92         LUT4 (Prop_lut4_I0_O)        0.124     6.782 f  u_seg8/scan_cnt[19]_i_5/O
                         net (fo=1, routed)           0.561     7.343    u_seg8/scan_cnt[19]_i_5_n_0
    SLICE_X48Y92         LUT6 (Prop_lut6_I5_O)        0.124     7.467 f  u_seg8/scan_cnt[19]_i_3/O
                         net (fo=1, routed)           0.416     7.883    u_seg8/scan_cnt[19]_i_3_n_0
    SLICE_X48Y93         LUT6 (Prop_lut6_I5_O)        0.124     8.007 r  u_seg8/scan_cnt[19]_i_1/O
                         net (fo=23, routed)          0.734     8.741    u_seg8/digit_sel
    SLICE_X49Y95         FDRE                                         r  u_seg8/scan_cnt_reg[18]/R
  -------------------------------------------------------------------    -------------------

                         (clock sys_clk_pin rise edge)
                                                     10.000    10.000 r  
    E3                                                0.000    10.000 r  CLK (IN)
                         net (fo=0)                   0.000    10.000    CLK
    E3                   IBUF (Prop_ibuf_I_O)         1.411    11.411 r  CLK_IBUF_inst/O
                         net (fo=1, routed)           1.920    13.331    CLK_IBUF
    BUFGCTRL_X0Y16       BUFG (Prop_bufg_I_O)         0.091    13.422 r  CLK_IBUF_BUFG_inst/O
                         net (fo=51, routed)          1.513    14.936    u_seg8/CLK_IBUF_BUFG
    SLICE_X49Y95         FDRE                                         r  u_seg8/scan_cnt_reg[18]/C
                         clock pessimism              0.276    15.212    
                         clock uncertainty           -0.035    15.176    
    SLICE_X49Y95         FDRE (Setup_fdre_C_R)       -0.429    14.747    u_seg8/scan_cnt_reg[18]
  -------------------------------------------------------------------
                         required time                         14.747    
                         arrival time                          -8.741    
  -------------------------------------------------------------------
                         slack                                  6.006    

Slack (MET) :             6.006ns  (required time - arrival time)
  Source:                 u_seg8/scan_cnt_reg[13]/C
                            (rising edge-triggered cell FDRE clocked by sys_clk_pin  {rise@0.000ns fall@5.000ns period=10.000ns})
  Destination:            u_seg8/scan_cnt_reg[19]/R
                            (rising edge-triggered cell FDRE clocked by sys_clk_pin  {rise@0.000ns fall@5.000ns period=10.000ns})
  Path Group:             sys_clk_pin
  Path Type:              Setup (Max at Slow Process Corner)
  Requirement:            10.000ns  (sys_clk_pin rise@10.000ns - sys_clk_pin rise@0.000ns)
  Data Path Delay:        3.504ns  (logic 0.828ns (23.629%)  route 2.676ns (76.371%))
  Logic Levels:           3  (LUT4=1 LUT6=2)
  Clock Path Skew:        -0.025ns (DCD - SCD + CPR)
    Destination Clock Delay (DCD):    4.936ns = ( 14.936 - 10.000 ) 
    Source Clock Delay      (SCD):    5.237ns
    Clock Pessimism Removal (CPR):    0.276ns
  Clock Uncertainty:      0.035ns  ((TSJ^2 + TIJ^2)^1/2 + DJ) / 2 + PE
    Total System Jitter     (TSJ):    0.071ns
    Total Input Jitter      (TIJ):    0.000ns
    Discrete Jitter          (DJ):    0.000ns
    Phase Error              (PE):    0.000ns

    Location             Delay type                Incr(ns)  Path(ns)    Netlist Resource(s)
  -------------------------------------------------------------------    -------------------
                         (clock sys_clk_pin rise edge)
                                                      0.000     0.000 r  
    E3                                                0.000     0.000 r  CLK (IN)
                         net (fo=0)                   0.000     0.000    CLK
    E3                   IBUF (Prop_ibuf_I_O)         1.482     1.482 r  CLK_IBUF_inst/O
                         net (fo=1, routed)           2.025     3.506    CLK_IBUF
    BUFGCTRL_X0Y16       BUFG (Prop_bufg_I_O)         0.096     3.602 r  CLK_IBUF_BUFG_inst/O
                         net (fo=51, routed)          1.634     5.237    u_seg8/CLK_IBUF_BUFG
    SLICE_X49Y94         FDRE                                         r  u_seg8/scan_cnt_reg[13]/C
  -------------------------------------------------------------------    -------------------
    SLICE_X49Y94         FDRE (Prop_fdre_C_Q)         0.456     5.693 f  u_seg8/scan_cnt_reg[13]/Q
                         net (fo=2, routed)           0.965     6.658    u_seg8/scan_cnt[13]
    SLICE_X48Y92         LUT4 (Prop_lut4_I0_O)        0.124     6.782 f  u_seg8/scan_cnt[19]_i_5/O
                         net (fo=1, routed)           0.561     7.343    u_seg8/scan_cnt[19]_i_5_n_0
    SLICE_X48Y92         LUT6 (Prop_lut6_I5_O)        0.124     7.467 f  u_seg8/scan_cnt[19]_i_3/O
                         net (fo=1, routed)           0.416     7.883    u_seg8/scan_cnt[19]_i_3_n_0
    SLICE_X48Y93         LUT6 (Prop_lut6_I5_O)        0.124     8.007 r  u_seg8/scan_cnt[19]_i_1/O
                         net (fo=23, routed)          0.734     8.741    u_seg8/digit_sel
    SLICE_X49Y95         FDRE                                         r  u_seg8/scan_cnt_reg[19]/R
  -------------------------------------------------------------------    -------------------

                         (clock sys_clk_pin rise edge)
                                                     10.000    10.000 r  
    E3                                                0.000    10.000 r  CLK (IN)
                         net (fo=0)                   0.000    10.000    CLK
    E3                   IBUF (Prop_ibuf_I_O)         1.411    11.411 r  CLK_IBUF_inst/O
                         net (fo=1, routed)           1.920    13.331    CLK_IBUF
    BUFGCTRL_X0Y16       BUFG (Prop_bufg_I_O)         0.091    13.422 r  CLK_IBUF_BUFG_inst/O
                         net (fo=51, routed)          1.513    14.936    u_seg8/CLK_IBUF_BUFG
    SLICE_X49Y95         FDRE                                         r  u_seg8/scan_cnt_reg[19]/C
                         clock pessimism              0.276    15.212    
                         clock uncertainty           -0.035    15.176    
    SLICE_X49Y95         FDRE (Setup_fdre_C_R)       -0.429    14.747    u_seg8/scan_cnt_reg[19]
  -------------------------------------------------------------------
                         required time                         14.747    
                         arrival time                          -8.741    
  -------------------------------------------------------------------
                         slack                                  6.006    

Slack (MET) :             6.012ns  (required time - arrival time)
  Source:                 u_seg8/scan_cnt_reg[13]/C
                            (rising edge-triggered cell FDRE clocked by sys_clk_pin  {rise@0.000ns fall@5.000ns period=10.000ns})
  Destination:            u_seg8/digit_sel_reg[0]/D
                            (rising edge-triggered cell FDRE clocked by sys_clk_pin  {rise@0.000ns fall@5.000ns period=10.000ns})
  Path Group:             sys_clk_pin
  Path Type:              Setup (Max at Slow Process Corner)
  Requirement:            10.000ns  (sys_clk_pin rise@10.000ns - sys_clk_pin rise@0.000ns)
  Data Path Delay:        3.881ns  (logic 0.952ns (24.529%)  route 2.929ns (75.471%))
  Logic Levels:           4  (LUT2=1 LUT4=1 LUT6=2)
  Clock Path Skew:        -0.041ns (DCD - SCD + CPR)
    Destination Clock Delay (DCD):    4.937ns = ( 14.937 - 10.000 ) 
    Source Clock Delay      (SCD):    5.237ns
    Clock Pessimism Removal (CPR):    0.259ns
  Clock Uncertainty:      0.035ns  ((TSJ^2 + TIJ^2)^1/2 + DJ) / 2 + PE
    Total System Jitter     (TSJ):    0.071ns
    Total Input Jitter      (TIJ):    0.000ns
    Discrete Jitter          (DJ):    0.000ns
    Phase Error              (PE):    0.000ns

    Location             Delay type                Incr(ns)  Path(ns)    Netlist Resource(s)
  -------------------------------------------------------------------    -------------------
                         (clock sys_clk_pin rise edge)
                                                      0.000     0.000 r  
    E3                                                0.000     0.000 r  CLK (IN)
                         net (fo=0)                   0.000     0.000    CLK
    E3                   IBUF (Prop_ibuf_I_O)         1.482     1.482 r  CLK_IBUF_inst/O
                         net (fo=1, routed)           2.025     3.506    CLK_IBUF
    BUFGCTRL_X0Y16       BUFG (Prop_bufg_I_O)         0.096     3.602 r  CLK_IBUF_BUFG_inst/O
                         net (fo=51, routed)          1.634     5.237    u_seg8/CLK_IBUF_BUFG
    SLICE_X49Y94         FDRE                                         r  u_seg8/scan_cnt_reg[13]/C
  -------------------------------------------------------------------    -------------------
    SLICE_X49Y94         FDRE (Prop_fdre_C_Q)         0.456     5.693 f  u_seg8/scan_cnt_reg[13]/Q
                         net (fo=2, routed)           0.965     6.658    u_seg8/scan_cnt[13]
    SLICE_X48Y92         LUT4 (Prop_lut4_I0_O)        0.124     6.782 f  u_seg8/scan_cnt[19]_i_5/O
                         net (fo=1, routed)           0.561     7.343    u_seg8/scan_cnt[19]_i_5_n_0
    SLICE_X48Y92         LUT6 (Prop_lut6_I5_O)        0.124     7.467 f  u_seg8/scan_cnt[19]_i_3/O
                         net (fo=1, routed)           0.416     7.883    u_seg8/scan_cnt[19]_i_3_n_0
    SLICE_X48Y93         LUT6 (Prop_lut6_I5_O)        0.124     8.007 r  u_seg8/scan_cnt[19]_i_1/O
                         net (fo=23, routed)          0.608     8.615    u_seg8/digit_sel
    SLICE_X42Y92         LUT2 (Prop_lut2_I0_O)        0.124     8.739 r  u_seg8/digit_sel[0]_i_1/O
                         net (fo=1, routed)           0.379     9.118    u_seg8/digit_sel[0]_i_1_n_0
    SLICE_X42Y92         FDRE                                         r  u_seg8/digit_sel_reg[0]/D
  -------------------------------------------------------------------    -------------------

                         (clock sys_clk_pin rise edge)
                                                     10.000    10.000 r  
    E3                                                0.000    10.000 r  CLK (IN)
                         net (fo=0)                   0.000    10.000    CLK
    E3                   IBUF (Prop_ibuf_I_O)         1.411    11.411 r  CLK_IBUF_inst/O
                         net (fo=1, routed)           1.920    13.331    CLK_IBUF
    BUFGCTRL_X0Y16       BUFG (Prop_bufg_I_O)         0.091    13.422 r  CLK_IBUF_BUFG_inst/O
                         net (fo=51, routed)          1.514    14.937    u_seg8/CLK_IBUF_BUFG
    SLICE_X42Y92         FDRE                                         r  u_seg8/digit_sel_reg[0]/C
                         clock pessimism              0.259    15.196    
                         clock uncertainty           -0.035    15.160    
    SLICE_X42Y92         FDRE (Setup_fdre_C_D)       -0.031    15.129    u_seg8/digit_sel_reg[0]
  -------------------------------------------------------------------
                         required time                         15.129    
                         arrival time                          -9.118    
  -------------------------------------------------------------------
                         slack                                  6.012    

Slack (MET) :             6.027ns  (required time - arrival time)
  Source:                 divider/count_div_reg[1]/C
                            (rising edge-triggered cell FDCE clocked by sys_clk_pin  {rise@0.000ns fall@5.000ns period=10.000ns})
  Destination:            divider/count_div_reg[5]/D
                            (rising edge-triggered cell FDCE clocked by sys_clk_pin  {rise@0.000ns fall@5.000ns period=10.000ns})
  Path Group:             sys_clk_pin
  Path Type:              Setup (Max at Slow Process Corner)
  Requirement:            10.000ns  (sys_clk_pin rise@10.000ns - sys_clk_pin rise@0.000ns)
  Data Path Delay:        3.942ns  (logic 0.828ns (21.003%)  route 3.114ns (78.997%))
  Logic Levels:           3  (LUT4=2 LUT5=1)
  Clock Path Skew:        -0.024ns (DCD - SCD + CPR)
    Destination Clock Delay (DCD):    4.934ns = ( 14.934 - 10.000 ) 
    Source Clock Delay      (SCD):    5.234ns
    Clock Pessimism Removal (CPR):    0.276ns
  Clock Uncertainty:      0.035ns  ((TSJ^2 + TIJ^2)^1/2 + DJ) / 2 + PE
    Total System Jitter     (TSJ):    0.071ns
    Total Input Jitter      (TIJ):    0.000ns
    Discrete Jitter          (DJ):    0.000ns
    Phase Error              (PE):    0.000ns

    Location             Delay type                Incr(ns)  Path(ns)    Netlist Resource(s)
  -------------------------------------------------------------------    -------------------
                         (clock sys_clk_pin rise edge)
                                                      0.000     0.000 r  
    E3                                                0.000     0.000 r  CLK (IN)
                         net (fo=0)                   0.000     0.000    CLK
    E3                   IBUF (Prop_ibuf_I_O)         1.482     1.482 r  CLK_IBUF_inst/O
                         net (fo=1, routed)           2.025     3.506    CLK_IBUF
    BUFGCTRL_X0Y16       BUFG (Prop_bufg_I_O)         0.096     3.602 r  CLK_IBUF_BUFG_inst/O
                         net (fo=51, routed)          1.631     5.234    divider/CLK_IBUF_BUFG
    SLICE_X51Y92         FDCE                                         r  divider/count_div_reg[1]/C
  -------------------------------------------------------------------    -------------------
    SLICE_X51Y92         FDCE (Prop_fdce_C_Q)         0.456     5.690 f  divider/count_div_reg[1]/Q
                         net (fo=2, routed)           0.856     6.546    divider/count_div[1]
    SLICE_X51Y92         LUT4 (Prop_lut4_I1_O)        0.124     6.670 r  divider/count_div[26]_i_7/O
                         net (fo=1, routed)           0.943     7.613    divider/count_div[26]_i_7_n_0
    SLICE_X51Y96         LUT5 (Prop_lut5_I4_O)        0.124     7.737 r  divider/count_div[26]_i_3/O
                         net (fo=27, routed)          1.315     9.052    divider/count_div[26]_i_3_n_0
    SLICE_X51Y93         LUT4 (Prop_lut4_I0_O)        0.124     9.176 r  divider/count_div[5]_i_1/O
                         net (fo=1, routed)           0.000     9.176    divider/count_div_0[5]
    SLICE_X51Y93         FDCE                                         r  divider/count_div_reg[5]/D
  -------------------------------------------------------------------    -------------------

                         (clock sys_clk_pin rise edge)
                                                     10.000    10.000 r  
    E3                                                0.000    10.000 r  CLK (IN)
                         net (fo=0)                   0.000    10.000    CLK
    E3                   IBUF (Prop_ibuf_I_O)         1.411    11.411 r  CLK_IBUF_inst/O
                         net (fo=1, routed)           1.920    13.331    CLK_IBUF
    BUFGCTRL_X0Y16       BUFG (Prop_bufg_I_O)         0.091    13.422 r  CLK_IBUF_BUFG_inst/O
                         net (fo=51, routed)          1.511    14.934    divider/CLK_IBUF_BUFG
    SLICE_X51Y93         FDCE                                         r  divider/count_div_reg[5]/C
                         clock pessimism              0.276    15.210    
                         clock uncertainty           -0.035    15.174    
    SLICE_X51Y93         FDCE (Setup_fdce_C_D)        0.029    15.203    divider/count_div_reg[5]
  -------------------------------------------------------------------
                         required time                         15.203    
                         arrival time                          -9.176    
  -------------------------------------------------------------------
                         slack                                  6.027    

Slack (MET) :             6.045ns  (required time - arrival time)
  Source:                 divider/count_div_reg[1]/C
                            (rising edge-triggered cell FDCE clocked by sys_clk_pin  {rise@0.000ns fall@5.000ns period=10.000ns})
  Destination:            divider/count_div_reg[7]/D
                            (rising edge-triggered cell FDCE clocked by sys_clk_pin  {rise@0.000ns fall@5.000ns period=10.000ns})
  Path Group:             sys_clk_pin
  Path Type:              Setup (Max at Slow Process Corner)
  Requirement:            10.000ns  (sys_clk_pin rise@10.000ns - sys_clk_pin rise@0.000ns)
  Data Path Delay:        3.970ns  (logic 0.856ns (21.560%)  route 3.114ns (78.440%))
  Logic Levels:           3  (LUT4=2 LUT5=1)
  Clock Path Skew:        -0.024ns (DCD - SCD + CPR)
    Destination Clock Delay (DCD):    4.934ns = ( 14.934 - 10.000 ) 
    Source Clock Delay      (SCD):    5.234ns
    Clock Pessimism Removal (CPR):    0.276ns
  Clock Uncertainty:      0.035ns  ((TSJ^2 + TIJ^2)^1/2 + DJ) / 2 + PE
    Total System Jitter     (TSJ):    0.071ns
    Total Input Jitter      (TIJ):    0.000ns
    Discrete Jitter          (DJ):    0.000ns
    Phase Error              (PE):    0.000ns

    Location             Delay type                Incr(ns)  Path(ns)    Netlist Resource(s)
  -------------------------------------------------------------------    -------------------
                         (clock sys_clk_pin rise edge)
                                                      0.000     0.000 r  
    E3                                                0.000     0.000 r  CLK (IN)
                         net (fo=0)                   0.000     0.000    CLK
    E3                   IBUF (Prop_ibuf_I_O)         1.482     1.482 r  CLK_IBUF_inst/O
                         net (fo=1, routed)           2.025     3.506    CLK_IBUF
    BUFGCTRL_X0Y16       BUFG (Prop_bufg_I_O)         0.096     3.602 r  CLK_IBUF_BUFG_inst/O
                         net (fo=51, routed)          1.631     5.234    divider/CLK_IBUF_BUFG
    SLICE_X51Y92         FDCE                                         r  divider/count_div_reg[1]/C
  -------------------------------------------------------------------    -------------------
    SLICE_X51Y92         FDCE (Prop_fdce_C_Q)         0.456     5.690 f  divider/count_div_reg[1]/Q
                         net (fo=2, routed)           0.856     6.546    divider/count_div[1]
    SLICE_X51Y92         LUT4 (Prop_lut4_I1_O)        0.124     6.670 r  divider/count_div[26]_i_7/O
                         net (fo=1, routed)           0.943     7.613    divider/count_div[26]_i_7_n_0
    SLICE_X51Y96         LUT5 (Prop_lut5_I4_O)        0.124     7.737 r  divider/count_div[26]_i_3/O
                         net (fo=27, routed)          1.315     9.052    divider/count_div[26]_i_3_n_0
    SLICE_X51Y93         LUT4 (Prop_lut4_I0_O)        0.152     9.204 r  divider/count_div[7]_i_1/O
                         net (fo=1, routed)           0.000     9.204    divider/count_div_0[7]
    SLICE_X51Y93         FDCE                                         r  divider/count_div_reg[7]/D
  -------------------------------------------------------------------    -------------------

                         (clock sys_clk_pin rise edge)
                                                     10.000    10.000 r  
    E3                                                0.000    10.000 r  CLK (IN)
                         net (fo=0)                   0.000    10.000    CLK
    E3                   IBUF (Prop_ibuf_I_O)         1.411    11.411 r  CLK_IBUF_inst/O
                         net (fo=1, routed)           1.920    13.331    CLK_IBUF
    BUFGCTRL_X0Y16       BUFG (Prop_bufg_I_O)         0.091    13.422 r  CLK_IBUF_BUFG_inst/O
                         net (fo=51, routed)          1.511    14.934    divider/CLK_IBUF_BUFG
    SLICE_X51Y93         FDCE                                         r  divider/count_div_reg[7]/C
                         clock pessimism              0.276    15.210    
                         clock uncertainty           -0.035    15.174    
    SLICE_X51Y93         FDCE (Setup_fdce_C_D)        0.075    15.249    divider/count_div_reg[7]
  -------------------------------------------------------------------
                         required time                         15.249    
                         arrival time                          -9.204    
  -------------------------------------------------------------------
                         slack                                  6.045    





Min Delay Paths
--------------------------------------------------------------------------------------
Slack (MET) :             0.262ns  (arrival time - required time)
  Source:                 u_seg8/scan_cnt_reg[16]/C
                            (rising edge-triggered cell FDRE clocked by sys_clk_pin  {rise@0.000ns fall@5.000ns period=10.000ns})
  Destination:            u_seg8/scan_cnt_reg[16]/D
                            (rising edge-triggered cell FDRE clocked by sys_clk_pin  {rise@0.000ns fall@5.000ns period=10.000ns})
  Path Group:             sys_clk_pin
  Path Type:              Hold (Min at Fast Process Corner)
  Requirement:            0.000ns  (sys_clk_pin rise@0.000ns - sys_clk_pin rise@0.000ns)
  Data Path Delay:        0.367ns  (logic 0.249ns (67.829%)  route 0.118ns (32.171%))
  Logic Levels:           1  (CARRY4=1)
  Clock Path Skew:        0.000ns (DCD - SCD - CPR)
    Destination Clock Delay (DCD):    2.002ns
    Source Clock Delay      (SCD):    1.485ns
    Clock Pessimism Removal (CPR):    0.516ns

    Location             Delay type                Incr(ns)  Path(ns)    Netlist Resource(s)
  -------------------------------------------------------------------    -------------------
                         (clock sys_clk_pin rise edge)
                                                      0.000     0.000 r  
    E3                                                0.000     0.000 r  CLK (IN)
                         net (fo=0)                   0.000     0.000    CLK
    E3                   IBUF (Prop_ibuf_I_O)         0.250     0.250 r  CLK_IBUF_inst/O
                         net (fo=1, routed)           0.644     0.894    CLK_IBUF
    BUFGCTRL_X0Y16       BUFG (Prop_bufg_I_O)         0.026     0.920 r  CLK_IBUF_BUFG_inst/O
                         net (fo=51, routed)          0.566     1.485    u_seg8/CLK_IBUF_BUFG
    SLICE_X49Y94         FDRE                                         r  u_seg8/scan_cnt_reg[16]/C
  -------------------------------------------------------------------    -------------------
    SLICE_X49Y94         FDRE (Prop_fdre_C_Q)         0.141     1.626 r  u_seg8/scan_cnt_reg[16]/Q
                         net (fo=2, routed)           0.118     1.744    u_seg8/scan_cnt[16]
    SLICE_X49Y94         CARRY4 (Prop_carry4_S[3]_O[3])
                                                      0.108     1.852 r  u_seg8/scan_cnt0_carry__2/O[3]
                         net (fo=1, routed)           0.000     1.852    u_seg8/scan_cnt0_carry__2_n_4
    SLICE_X49Y94         FDRE                                         r  u_seg8/scan_cnt_reg[16]/D
  -------------------------------------------------------------------    -------------------

                         (clock sys_clk_pin rise edge)
                                                      0.000     0.000 r  
    E3                                                0.000     0.000 r  CLK (IN)
                         net (fo=0)                   0.000     0.000    CLK
    E3                   IBUF (Prop_ibuf_I_O)         0.438     0.438 r  CLK_IBUF_inst/O
                         net (fo=1, routed)           0.699     1.136    CLK_IBUF
    BUFGCTRL_X0Y16       BUFG (Prop_bufg_I_O)         0.029     1.165 r  CLK_IBUF_BUFG_inst/O
                         net (fo=51, routed)          0.837     2.002    u_seg8/CLK_IBUF_BUFG
    SLICE_X49Y94         FDRE                                         r  u_seg8/scan_cnt_reg[16]/C
                         clock pessimism             -0.516     1.485    
    SLICE_X49Y94         FDRE (Hold_fdre_C_D)         0.105     1.590    u_seg8/scan_cnt_reg[16]
  -------------------------------------------------------------------
                         required time                         -1.590    
                         arrival time                           1.852    
  -------------------------------------------------------------------
                         slack                                  0.262    

Slack (MET) :             0.263ns  (arrival time - required time)
  Source:                 divider/CLK_1Hz_Out_reg/C
                            (rising edge-triggered cell FDCE clocked by sys_clk_pin  {rise@0.000ns fall@5.000ns period=10.000ns})
  Destination:            divider/CLK_1Hz_Out_reg/D
                            (rising edge-triggered cell FDCE clocked by sys_clk_pin  {rise@0.000ns fall@5.000ns period=10.000ns})
  Path Group:             sys_clk_pin
  Path Type:              Hold (Min at Fast Process Corner)
  Requirement:            0.000ns  (sys_clk_pin rise@0.000ns - sys_clk_pin rise@0.000ns)
  Data Path Delay:        0.354ns  (logic 0.186ns (52.498%)  route 0.168ns (47.502%))
  Logic Levels:           1  (LUT4=1)
  Clock Path Skew:        0.000ns (DCD - SCD - CPR)
    Destination Clock Delay (DCD):    2.000ns
    Source Clock Delay      (SCD):    1.484ns
    Clock Pessimism Removal (CPR):    0.515ns

    Location             Delay type                Incr(ns)  Path(ns)    Netlist Resource(s)
  -------------------------------------------------------------------    -------------------
                         (clock sys_clk_pin rise edge)
                                                      0.000     0.000 r  
    E3                                                0.000     0.000 r  CLK (IN)
                         net (fo=0)                   0.000     0.000    CLK
    E3                   IBUF (Prop_ibuf_I_O)         0.250     0.250 r  CLK_IBUF_inst/O
                         net (fo=1, routed)           0.644     0.894    CLK_IBUF
    BUFGCTRL_X0Y16       BUFG (Prop_bufg_I_O)         0.026     0.920 r  CLK_IBUF_BUFG_inst/O
                         net (fo=51, routed)          0.565     1.484    divider/CLK_IBUF_BUFG
    SLICE_X51Y95         FDCE                                         r  divider/CLK_1Hz_Out_reg/C
  -------------------------------------------------------------------    -------------------
    SLICE_X51Y95         FDCE (Prop_fdce_C_Q)         0.141     1.625 r  divider/CLK_1Hz_Out_reg/Q
                         net (fo=2, routed)           0.168     1.794    divider/LED_OBUF[0]
    SLICE_X51Y95         LUT4 (Prop_lut4_I3_O)        0.045     1.839 r  divider/CLK_1Hz_Out_i_1/O
                         net (fo=1, routed)           0.000     1.839    divider/CLK_1Hz_Out_i_1_n_0
    SLICE_X51Y95         FDCE                                         r  divider/CLK_1Hz_Out_reg/D
  -------------------------------------------------------------------    -------------------

                         (clock sys_clk_pin rise edge)
                                                      0.000     0.000 r  
    E3                                                0.000     0.000 r  CLK (IN)
                         net (fo=0)                   0.000     0.000    CLK
    E3                   IBUF (Prop_ibuf_I_O)         0.438     0.438 r  CLK_IBUF_inst/O
                         net (fo=1, routed)           0.699     1.136    CLK_IBUF
    BUFGCTRL_X0Y16       BUFG (Prop_bufg_I_O)         0.029     1.165 r  CLK_IBUF_BUFG_inst/O
                         net (fo=51, routed)          0.835     2.000    divider/CLK_IBUF_BUFG
    SLICE_X51Y95         FDCE                                         r  divider/CLK_1Hz_Out_reg/C
                         clock pessimism             -0.515     1.484    
    SLICE_X51Y95         FDCE (Hold_fdce_C_D)         0.091     1.575    divider/CLK_1Hz_Out_reg
  -------------------------------------------------------------------
                         required time                         -1.575    
                         arrival time                           1.839    
  -------------------------------------------------------------------
                         slack                                  0.263    

Slack (MET) :             0.264ns  (arrival time - required time)
  Source:                 u_seg8/scan_cnt_reg[12]/C
                            (rising edge-triggered cell FDRE clocked by sys_clk_pin  {rise@0.000ns fall@5.000ns period=10.000ns})
  Destination:            u_seg8/scan_cnt_reg[12]/D
                            (rising edge-triggered cell FDRE clocked by sys_clk_pin  {rise@0.000ns fall@5.000ns period=10.000ns})
  Path Group:             sys_clk_pin
  Path Type:              Hold (Min at Fast Process Corner)
  Requirement:            0.000ns  (sys_clk_pin rise@0.000ns - sys_clk_pin rise@0.000ns)
  Data Path Delay:        0.369ns  (logic 0.249ns (67.424%)  route 0.120ns (32.576%))
  Logic Levels:           1  (CARRY4=1)
  Clock Path Skew:        0.000ns (DCD - SCD - CPR)
    Destination Clock Delay (DCD):    2.002ns
    Source Clock Delay      (SCD):    1.485ns
    Clock Pessimism Removal (CPR):    0.516ns

    Location             Delay type                Incr(ns)  Path(ns)    Netlist Resource(s)
  -------------------------------------------------------------------    -------------------
                         (clock sys_clk_pin rise edge)
                                                      0.000     0.000 r  
    E3                                                0.000     0.000 r  CLK (IN)
                         net (fo=0)                   0.000     0.000    CLK
    E3                   IBUF (Prop_ibuf_I_O)         0.250     0.250 r  CLK_IBUF_inst/O
                         net (fo=1, routed)           0.644     0.894    CLK_IBUF
    BUFGCTRL_X0Y16       BUFG (Prop_bufg_I_O)         0.026     0.920 r  CLK_IBUF_BUFG_inst/O
                         net (fo=51, routed)          0.566     1.485    u_seg8/CLK_IBUF_BUFG
    SLICE_X49Y93         FDRE                                         r  u_seg8/scan_cnt_reg[12]/C
  -------------------------------------------------------------------    -------------------
    SLICE_X49Y93         FDRE (Prop_fdre_C_Q)         0.141     1.626 r  u_seg8/scan_cnt_reg[12]/Q
                         net (fo=2, routed)           0.120     1.747    u_seg8/scan_cnt[12]
    SLICE_X49Y93         CARRY4 (Prop_carry4_S[3]_O[3])
                                                      0.108     1.855 r  u_seg8/scan_cnt0_carry__1/O[3]
                         net (fo=1, routed)           0.000     1.855    u_seg8/scan_cnt0_carry__1_n_4
    SLICE_X49Y93         FDRE                                         r  u_seg8/scan_cnt_reg[12]/D
  -------------------------------------------------------------------    -------------------

                         (clock sys_clk_pin rise edge)
                                                      0.000     0.000 r  
    E3                                                0.000     0.000 r  CLK (IN)
                         net (fo=0)                   0.000     0.000    CLK
    E3                   IBUF (Prop_ibuf_I_O)         0.438     0.438 r  CLK_IBUF_inst/O
                         net (fo=1, routed)           0.699     1.136    CLK_IBUF
    BUFGCTRL_X0Y16       BUFG (Prop_bufg_I_O)         0.029     1.165 r  CLK_IBUF_BUFG_inst/O
                         net (fo=51, routed)          0.837     2.002    u_seg8/CLK_IBUF_BUFG
    SLICE_X49Y93         FDRE                                         r  u_seg8/scan_cnt_reg[12]/C
                         clock pessimism             -0.516     1.485    
    SLICE_X49Y93         FDRE (Hold_fdre_C_D)         0.105     1.590    u_seg8/scan_cnt_reg[12]
  -------------------------------------------------------------------
                         required time                         -1.590    
                         arrival time                           1.855    
  -------------------------------------------------------------------
                         slack                                  0.264    

Slack (MET) :             0.264ns  (arrival time - required time)
  Source:                 u_seg8/scan_cnt_reg[4]/C
                            (rising edge-triggered cell FDRE clocked by sys_clk_pin  {rise@0.000ns fall@5.000ns period=10.000ns})
  Destination:            u_seg8/scan_cnt_reg[4]/D
                            (rising edge-triggered cell FDRE clocked by sys_clk_pin  {rise@0.000ns fall@5.000ns period=10.000ns})
  Path Group:             sys_clk_pin
  Path Type:              Hold (Min at Fast Process Corner)
  Requirement:            0.000ns  (sys_clk_pin rise@0.000ns - sys_clk_pin rise@0.000ns)
  Data Path Delay:        0.369ns  (logic 0.249ns (67.424%)  route 0.120ns (32.576%))
  Logic Levels:           1  (CARRY4=1)
  Clock Path Skew:        0.000ns (DCD - SCD - CPR)
    Destination Clock Delay (DCD):    2.001ns
    Source Clock Delay      (SCD):    1.484ns
    Clock Pessimism Removal (CPR):    0.516ns

    Location             Delay type                Incr(ns)  Path(ns)    Netlist Resource(s)
  -------------------------------------------------------------------    -------------------
                         (clock sys_clk_pin rise edge)
                                                      0.000     0.000 r  
    E3                                                0.000     0.000 r  CLK (IN)
                         net (fo=0)                   0.000     0.000    CLK
    E3                   IBUF (Prop_ibuf_I_O)         0.250     0.250 r  CLK_IBUF_inst/O
                         net (fo=1, routed)           0.644     0.894    CLK_IBUF
    BUFGCTRL_X0Y16       BUFG (Prop_bufg_I_O)         0.026     0.920 r  CLK_IBUF_BUFG_inst/O
                         net (fo=51, routed)          0.565     1.484    u_seg8/CLK_IBUF_BUFG
    SLICE_X49Y91         FDRE                                         r  u_seg8/scan_cnt_reg[4]/C
  -------------------------------------------------------------------    -------------------
    SLICE_X49Y91         FDRE (Prop_fdre_C_Q)         0.141     1.625 r  u_seg8/scan_cnt_reg[4]/Q
                         net (fo=2, routed)           0.120     1.746    u_seg8/scan_cnt[4]
    SLICE_X49Y91         CARRY4 (Prop_carry4_S[3]_O[3])
                                                      0.108     1.854 r  u_seg8/scan_cnt0_carry/O[3]
                         net (fo=1, routed)           0.000     1.854    u_seg8/scan_cnt0_carry_n_4
    SLICE_X49Y91         FDRE                                         r  u_seg8/scan_cnt_reg[4]/D
  -------------------------------------------------------------------    -------------------

                         (clock sys_clk_pin rise edge)
                                                      0.000     0.000 r  
    E3                                                0.000     0.000 r  CLK (IN)
                         net (fo=0)                   0.000     0.000    CLK
    E3                   IBUF (Prop_ibuf_I_O)         0.438     0.438 r  CLK_IBUF_inst/O
                         net (fo=1, routed)           0.699     1.136    CLK_IBUF
    BUFGCTRL_X0Y16       BUFG (Prop_bufg_I_O)         0.029     1.165 r  CLK_IBUF_BUFG_inst/O
                         net (fo=51, routed)          0.836     2.001    u_seg8/CLK_IBUF_BUFG
    SLICE_X49Y91         FDRE                                         r  u_seg8/scan_cnt_reg[4]/C
                         clock pessimism             -0.516     1.484    
    SLICE_X49Y91         FDRE (Hold_fdre_C_D)         0.105     1.589    u_seg8/scan_cnt_reg[4]
  -------------------------------------------------------------------
                         required time                         -1.589    
                         arrival time                           1.854    
  -------------------------------------------------------------------
                         slack                                  0.264    

Slack (MET) :             0.264ns  (arrival time - required time)
  Source:                 u_seg8/scan_cnt_reg[8]/C
                            (rising edge-triggered cell FDRE clocked by sys_clk_pin  {rise@0.000ns fall@5.000ns period=10.000ns})
  Destination:            u_seg8/scan_cnt_reg[8]/D
                            (rising edge-triggered cell FDRE clocked by sys_clk_pin  {rise@0.000ns fall@5.000ns period=10.000ns})
  Path Group:             sys_clk_pin
  Path Type:              Hold (Min at Fast Process Corner)
  Requirement:            0.000ns  (sys_clk_pin rise@0.000ns - sys_clk_pin rise@0.000ns)
  Data Path Delay:        0.369ns  (logic 0.249ns (67.424%)  route 0.120ns (32.576%))
  Logic Levels:           1  (CARRY4=1)
  Clock Path Skew:        0.000ns (DCD - SCD - CPR)
    Destination Clock Delay (DCD):    2.001ns
    Source Clock Delay      (SCD):    1.484ns
    Clock Pessimism Removal (CPR):    0.516ns

    Location             Delay type                Incr(ns)  Path(ns)    Netlist Resource(s)
  -------------------------------------------------------------------    -------------------
                         (clock sys_clk_pin rise edge)
                                                      0.000     0.000 r  
    E3                                                0.000     0.000 r  CLK (IN)
                         net (fo=0)                   0.000     0.000    CLK
    E3                   IBUF (Prop_ibuf_I_O)         0.250     0.250 r  CLK_IBUF_inst/O
                         net (fo=1, routed)           0.644     0.894    CLK_IBUF
    BUFGCTRL_X0Y16       BUFG (Prop_bufg_I_O)         0.026     0.920 r  CLK_IBUF_BUFG_inst/O
                         net (fo=51, routed)          0.565     1.484    u_seg8/CLK_IBUF_BUFG
    SLICE_X49Y92         FDRE                                         r  u_seg8/scan_cnt_reg[8]/C
  -------------------------------------------------------------------    -------------------
    SLICE_X49Y92         FDRE (Prop_fdre_C_Q)         0.141     1.625 r  u_seg8/scan_cnt_reg[8]/Q
                         net (fo=2, routed)           0.120     1.746    u_seg8/scan_cnt[8]
    SLICE_X49Y92         CARRY4 (Prop_carry4_S[3]_O[3])
                                                      0.108     1.854 r  u_seg8/scan_cnt0_carry__0/O[3]
                         net (fo=1, routed)           0.000     1.854    u_seg8/scan_cnt0_carry__0_n_4
    SLICE_X49Y92         FDRE                                         r  u_seg8/scan_cnt_reg[8]/D
  -------------------------------------------------------------------    -------------------

                         (clock sys_clk_pin rise edge)
                                                      0.000     0.000 r  
    E3                                                0.000     0.000 r  CLK (IN)
                         net (fo=0)                   0.000     0.000    CLK
    E3                   IBUF (Prop_ibuf_I_O)         0.438     0.438 r  CLK_IBUF_inst/O
                         net (fo=1, routed)           0.699     1.136    CLK_IBUF
    BUFGCTRL_X0Y16       BUFG (Prop_bufg_I_O)         0.029     1.165 r  CLK_IBUF_BUFG_inst/O
                         net (fo=51, routed)          0.836     2.001    u_seg8/CLK_IBUF_BUFG
    SLICE_X49Y92         FDRE                                         r  u_seg8/scan_cnt_reg[8]/C
                         clock pessimism             -0.516     1.484    
    SLICE_X49Y92         FDRE (Hold_fdre_C_D)         0.105     1.589    u_seg8/scan_cnt_reg[8]
  -------------------------------------------------------------------
                         required time                         -1.589    
                         arrival time                           1.854    
  -------------------------------------------------------------------
                         slack                                  0.264    

Slack (MET) :             0.265ns  (arrival time - required time)
  Source:                 u_seg8/scan_cnt_reg[9]/C
                            (rising edge-triggered cell FDRE clocked by sys_clk_pin  {rise@0.000ns fall@5.000ns period=10.000ns})
  Destination:            u_seg8/scan_cnt_reg[9]/D
                            (rising edge-triggered cell FDRE clocked by sys_clk_pin  {rise@0.000ns fall@5.000ns period=10.000ns})
  Path Group:             sys_clk_pin
  Path Type:              Hold (Min at Fast Process Corner)
  Requirement:            0.000ns  (sys_clk_pin rise@0.000ns - sys_clk_pin rise@0.000ns)
  Data Path Delay:        0.370ns  (logic 0.256ns (69.181%)  route 0.114ns (30.819%))
  Logic Levels:           1  (CARRY4=1)
  Clock Path Skew:        0.000ns (DCD - SCD - CPR)
    Destination Clock Delay (DCD):    2.002ns
    Source Clock Delay      (SCD):    1.485ns
    Clock Pessimism Removal (CPR):    0.516ns

    Location             Delay type                Incr(ns)  Path(ns)    Netlist Resource(s)
  -------------------------------------------------------------------    -------------------
                         (clock sys_clk_pin rise edge)
                                                      0.000     0.000 r  
    E3                                                0.000     0.000 r  CLK (IN)
                         net (fo=0)                   0.000     0.000    CLK
    E3                   IBUF (Prop_ibuf_I_O)         0.250     0.250 r  CLK_IBUF_inst/O
                         net (fo=1, routed)           0.644     0.894    CLK_IBUF
    BUFGCTRL_X0Y16       BUFG (Prop_bufg_I_O)         0.026     0.920 r  CLK_IBUF_BUFG_inst/O
                         net (fo=51, routed)          0.566     1.485    u_seg8/CLK_IBUF_BUFG
    SLICE_X49Y93         FDRE                                         r  u_seg8/scan_cnt_reg[9]/C
  -------------------------------------------------------------------    -------------------
    SLICE_X49Y93         FDRE (Prop_fdre_C_Q)         0.141     1.626 r  u_seg8/scan_cnt_reg[9]/Q
                         net (fo=2, routed)           0.114     1.740    u_seg8/scan_cnt[9]
    SLICE_X49Y93         CARRY4 (Prop_carry4_S[0]_O[0])
                                                      0.115     1.855 r  u_seg8/scan_cnt0_carry__1/O[0]
                         net (fo=1, routed)           0.000     1.855    u_seg8/scan_cnt0_carry__1_n_7
    SLICE_X49Y93         FDRE                                         r  u_seg8/scan_cnt_reg[9]/D
  -------------------------------------------------------------------    -------------------

                         (clock sys_clk_pin rise edge)
                                                      0.000     0.000 r  
    E3                                                0.000     0.000 r  CLK (IN)
                         net (fo=0)                   0.000     0.000    CLK
    E3                   IBUF (Prop_ibuf_I_O)         0.438     0.438 r  CLK_IBUF_inst/O
                         net (fo=1, routed)           0.699     1.136    CLK_IBUF
    BUFGCTRL_X0Y16       BUFG (Prop_bufg_I_O)         0.029     1.165 r  CLK_IBUF_BUFG_inst/O
                         net (fo=51, routed)          0.837     2.002    u_seg8/CLK_IBUF_BUFG
    SLICE_X49Y93         FDRE                                         r  u_seg8/scan_cnt_reg[9]/C
                         clock pessimism             -0.516     1.485    
    SLICE_X49Y93         FDRE (Hold_fdre_C_D)         0.105     1.590    u_seg8/scan_cnt_reg[9]
  -------------------------------------------------------------------
                         required time                         -1.590    
                         arrival time                           1.855    
  -------------------------------------------------------------------
                         slack                                  0.265    

Slack (MET) :             0.265ns  (arrival time - required time)
  Source:                 u_seg8/scan_cnt_reg[5]/C
                            (rising edge-triggered cell FDRE clocked by sys_clk_pin  {rise@0.000ns fall@5.000ns period=10.000ns})
  Destination:            u_seg8/scan_cnt_reg[5]/D
                            (rising edge-triggered cell FDRE clocked by sys_clk_pin  {rise@0.000ns fall@5.000ns period=10.000ns})
  Path Group:             sys_clk_pin
  Path Type:              Hold (Min at Fast Process Corner)
  Requirement:            0.000ns  (sys_clk_pin rise@0.000ns - sys_clk_pin rise@0.000ns)
  Data Path Delay:        0.370ns  (logic 0.256ns (69.150%)  route 0.114ns (30.850%))
  Logic Levels:           1  (CARRY4=1)
  Clock Path Skew:        0.000ns (DCD - SCD - CPR)
    Destination Clock Delay (DCD):    2.001ns
    Source Clock Delay      (SCD):    1.484ns
    Clock Pessimism Removal (CPR):    0.516ns

    Location             Delay type                Incr(ns)  Path(ns)    Netlist Resource(s)
  -------------------------------------------------------------------    -------------------
                         (clock sys_clk_pin rise edge)
                                                      0.000     0.000 r  
    E3                                                0.000     0.000 r  CLK (IN)
                         net (fo=0)                   0.000     0.000    CLK
    E3                   IBUF (Prop_ibuf_I_O)         0.250     0.250 r  CLK_IBUF_inst/O
                         net (fo=1, routed)           0.644     0.894    CLK_IBUF
    BUFGCTRL_X0Y16       BUFG (Prop_bufg_I_O)         0.026     0.920 r  CLK_IBUF_BUFG_inst/O
                         net (fo=51, routed)          0.565     1.484    u_seg8/CLK_IBUF_BUFG
    SLICE_X49Y92         FDRE                                         r  u_seg8/scan_cnt_reg[5]/C
  -------------------------------------------------------------------    -------------------
    SLICE_X49Y92         FDRE (Prop_fdre_C_Q)         0.141     1.625 r  u_seg8/scan_cnt_reg[5]/Q
                         net (fo=2, routed)           0.114     1.740    u_seg8/scan_cnt[5]
    SLICE_X49Y92         CARRY4 (Prop_carry4_S[0]_O[0])
                                                      0.115     1.855 r  u_seg8/scan_cnt0_carry__0/O[0]
                         net (fo=1, routed)           0.000     1.855    u_seg8/scan_cnt0_carry__0_n_7
    SLICE_X49Y92         FDRE                                         r  u_seg8/scan_cnt_reg[5]/D
  -------------------------------------------------------------------    -------------------

                         (clock sys_clk_pin rise edge)
                                                      0.000     0.000 r  
    E3                                                0.000     0.000 r  CLK (IN)
                         net (fo=0)                   0.000     0.000    CLK
    E3                   IBUF (Prop_ibuf_I_O)         0.438     0.438 r  CLK_IBUF_inst/O
                         net (fo=1, routed)           0.699     1.136    CLK_IBUF
    BUFGCTRL_X0Y16       BUFG (Prop_bufg_I_O)         0.029     1.165 r  CLK_IBUF_BUFG_inst/O
                         net (fo=51, routed)          0.836     2.001    u_seg8/CLK_IBUF_BUFG
    SLICE_X49Y92         FDRE                                         r  u_seg8/scan_cnt_reg[5]/C
                         clock pessimism             -0.516     1.484    
    SLICE_X49Y92         FDRE (Hold_fdre_C_D)         0.105     1.589    u_seg8/scan_cnt_reg[5]
  -------------------------------------------------------------------
                         required time                         -1.589    
                         arrival time                           1.855    
  -------------------------------------------------------------------
                         slack                                  0.265    

Slack (MET) :             0.267ns  (arrival time - required time)
  Source:                 u_seg8/scan_cnt_reg[7]/C
                            (rising edge-triggered cell FDRE clocked by sys_clk_pin  {rise@0.000ns fall@5.000ns period=10.000ns})
  Destination:            u_seg8/scan_cnt_reg[7]/D
                            (rising edge-triggered cell FDRE clocked by sys_clk_pin  {rise@0.000ns fall@5.000ns period=10.000ns})
  Path Group:             sys_clk_pin
  Path Type:              Hold (Min at Fast Process Corner)
  Requirement:            0.000ns  (sys_clk_pin rise@0.000ns - sys_clk_pin rise@0.000ns)
  Data Path Delay:        0.372ns  (logic 0.252ns (67.654%)  route 0.120ns (32.346%))
  Logic Levels:           1  (CARRY4=1)
  Clock Path Skew:        0.000ns (DCD - SCD - CPR)
    Destination Clock Delay (DCD):    2.001ns
    Source Clock Delay      (SCD):    1.484ns
    Clock Pessimism Removal (CPR):    0.516ns

    Location             Delay type                Incr(ns)  Path(ns)    Netlist Resource(s)
  -------------------------------------------------------------------    -------------------
                         (clock sys_clk_pin rise edge)
                                                      0.000     0.000 r  
    E3                                                0.000     0.000 r  CLK (IN)
                         net (fo=0)                   0.000     0.000    CLK
    E3                   IBUF (Prop_ibuf_I_O)         0.250     0.250 r  CLK_IBUF_inst/O
                         net (fo=1, routed)           0.644     0.894    CLK_IBUF
    BUFGCTRL_X0Y16       BUFG (Prop_bufg_I_O)         0.026     0.920 r  CLK_IBUF_BUFG_inst/O
                         net (fo=51, routed)          0.565     1.484    u_seg8/CLK_IBUF_BUFG
    SLICE_X49Y92         FDRE                                         r  u_seg8/scan_cnt_reg[7]/C
  -------------------------------------------------------------------    -------------------
    SLICE_X49Y92         FDRE (Prop_fdre_C_Q)         0.141     1.625 r  u_seg8/scan_cnt_reg[7]/Q
                         net (fo=2, routed)           0.120     1.746    u_seg8/scan_cnt[7]
    SLICE_X49Y92         CARRY4 (Prop_carry4_S[2]_O[2])
                                                      0.111     1.857 r  u_seg8/scan_cnt0_carry__0/O[2]
                         net (fo=1, routed)           0.000     1.857    u_seg8/scan_cnt0_carry__0_n_5
    SLICE_X49Y92         FDRE                                         r  u_seg8/scan_cnt_reg[7]/D
  -------------------------------------------------------------------    -------------------

                         (clock sys_clk_pin rise edge)
                                                      0.000     0.000 r  
    E3                                                0.000     0.000 r  CLK (IN)
                         net (fo=0)                   0.000     0.000    CLK
    E3                   IBUF (Prop_ibuf_I_O)         0.438     0.438 r  CLK_IBUF_inst/O
                         net (fo=1, routed)           0.699     1.136    CLK_IBUF
    BUFGCTRL_X0Y16       BUFG (Prop_bufg_I_O)         0.029     1.165 r  CLK_IBUF_BUFG_inst/O
                         net (fo=51, routed)          0.836     2.001    u_seg8/CLK_IBUF_BUFG
    SLICE_X49Y92         FDRE                                         r  u_seg8/scan_cnt_reg[7]/C
                         clock pessimism             -0.516     1.484    
    SLICE_X49Y92         FDRE (Hold_fdre_C_D)         0.105     1.589    u_seg8/scan_cnt_reg[7]
  -------------------------------------------------------------------
                         required time                         -1.589    
                         arrival time                           1.857    
  -------------------------------------------------------------------
                         slack                                  0.267    

Slack (MET) :             0.268ns  (arrival time - required time)
  Source:                 u_seg8/scan_cnt_reg[11]/C
                            (rising edge-triggered cell FDRE clocked by sys_clk_pin  {rise@0.000ns fall@5.000ns period=10.000ns})
  Destination:            u_seg8/scan_cnt_reg[11]/D
                            (rising edge-triggered cell FDRE clocked by sys_clk_pin  {rise@0.000ns fall@5.000ns period=10.000ns})
  Path Group:             sys_clk_pin
  Path Type:              Hold (Min at Fast Process Corner)
  Requirement:            0.000ns  (sys_clk_pin rise@0.000ns - sys_clk_pin rise@0.000ns)
  Data Path Delay:        0.373ns  (logic 0.252ns (67.585%)  route 0.121ns (32.415%))
  Logic Levels:           1  (CARRY4=1)
  Clock Path Skew:        0.000ns (DCD - SCD - CPR)
    Destination Clock Delay (DCD):    2.002ns
    Source Clock Delay      (SCD):    1.485ns
    Clock Pessimism Removal (CPR):    0.516ns

    Location             Delay type                Incr(ns)  Path(ns)    Netlist Resource(s)
  -------------------------------------------------------------------    -------------------
                         (clock sys_clk_pin rise edge)
                                                      0.000     0.000 r  
    E3                                                0.000     0.000 r  CLK (IN)
                         net (fo=0)                   0.000     0.000    CLK
    E3                   IBUF (Prop_ibuf_I_O)         0.250     0.250 r  CLK_IBUF_inst/O
                         net (fo=1, routed)           0.644     0.894    CLK_IBUF
    BUFGCTRL_X0Y16       BUFG (Prop_bufg_I_O)         0.026     0.920 r  CLK_IBUF_BUFG_inst/O
                         net (fo=51, routed)          0.566     1.485    u_seg8/CLK_IBUF_BUFG
    SLICE_X49Y93         FDRE                                         r  u_seg8/scan_cnt_reg[11]/C
  -------------------------------------------------------------------    -------------------
    SLICE_X49Y93         FDRE (Prop_fdre_C_Q)         0.141     1.626 r  u_seg8/scan_cnt_reg[11]/Q
                         net (fo=2, routed)           0.121     1.747    u_seg8/scan_cnt[11]
    SLICE_X49Y93         CARRY4 (Prop_carry4_S[2]_O[2])
                                                      0.111     1.858 r  u_seg8/scan_cnt0_carry__1/O[2]
                         net (fo=1, routed)           0.000     1.858    u_seg8/scan_cnt0_carry__1_n_5
    SLICE_X49Y93         FDRE                                         r  u_seg8/scan_cnt_reg[11]/D
  -------------------------------------------------------------------    -------------------

                         (clock sys_clk_pin rise edge)
                                                      0.000     0.000 r  
    E3                                                0.000     0.000 r  CLK (IN)
                         net (fo=0)                   0.000     0.000    CLK
    E3                   IBUF (Prop_ibuf_I_O)         0.438     0.438 r  CLK_IBUF_inst/O
                         net (fo=1, routed)           0.699     1.136    CLK_IBUF
    BUFGCTRL_X0Y16       BUFG (Prop_bufg_I_O)         0.029     1.165 r  CLK_IBUF_BUFG_inst/O
                         net (fo=51, routed)          0.837     2.002    u_seg8/CLK_IBUF_BUFG
    SLICE_X49Y93         FDRE                                         r  u_seg8/scan_cnt_reg[11]/C
                         clock pessimism             -0.516     1.485    
    SLICE_X49Y93         FDRE (Hold_fdre_C_D)         0.105     1.590    u_seg8/scan_cnt_reg[11]
  -------------------------------------------------------------------
                         required time                         -1.590    
                         arrival time                           1.858    
  -------------------------------------------------------------------
                         slack                                  0.268    

Slack (MET) :             0.268ns  (arrival time - required time)
  Source:                 u_seg8/scan_cnt_reg[13]/C
                            (rising edge-triggered cell FDRE clocked by sys_clk_pin  {rise@0.000ns fall@5.000ns period=10.000ns})
  Destination:            u_seg8/scan_cnt_reg[13]/D
                            (rising edge-triggered cell FDRE clocked by sys_clk_pin  {rise@0.000ns fall@5.000ns period=10.000ns})
  Path Group:             sys_clk_pin
  Path Type:              Hold (Min at Fast Process Corner)
  Requirement:            0.000ns  (sys_clk_pin rise@0.000ns - sys_clk_pin rise@0.000ns)
  Data Path Delay:        0.373ns  (logic 0.256ns (68.576%)  route 0.117ns (31.424%))
  Logic Levels:           1  (CARRY4=1)
  Clock Path Skew:        0.000ns (DCD - SCD - CPR)
    Destination Clock Delay (DCD):    2.002ns
    Source Clock Delay      (SCD):    1.485ns
    Clock Pessimism Removal (CPR):    0.516ns

    Location             Delay type                Incr(ns)  Path(ns)    Netlist Resource(s)
  -------------------------------------------------------------------    -------------------
                         (clock sys_clk_pin rise edge)
                                                      0.000     0.000 r  
    E3                                                0.000     0.000 r  CLK (IN)
                         net (fo=0)                   0.000     0.000    CLK
    E3                   IBUF (Prop_ibuf_I_O)         0.250     0.250 r  CLK_IBUF_inst/O
                         net (fo=1, routed)           0.644     0.894    CLK_IBUF
    BUFGCTRL_X0Y16       BUFG (Prop_bufg_I_O)         0.026     0.920 r  CLK_IBUF_BUFG_inst/O
                         net (fo=51, routed)          0.566     1.485    u_seg8/CLK_IBUF_BUFG
    SLICE_X49Y94         FDRE                                         r  u_seg8/scan_cnt_reg[13]/C
  -------------------------------------------------------------------    -------------------
    SLICE_X49Y94         FDRE (Prop_fdre_C_Q)         0.141     1.626 r  u_seg8/scan_cnt_reg[13]/Q
                         net (fo=2, routed)           0.117     1.744    u_seg8/scan_cnt[13]
    SLICE_X49Y94         CARRY4 (Prop_carry4_S[0]_O[0])
                                                      0.115     1.859 r  u_seg8/scan_cnt0_carry__2/O[0]
                         net (fo=1, routed)           0.000     1.859    u_seg8/scan_cnt0_carry__2_n_7
    SLICE_X49Y94         FDRE                                         r  u_seg8/scan_cnt_reg[13]/D
  -------------------------------------------------------------------    -------------------

                         (clock sys_clk_pin rise edge)
                                                      0.000     0.000 r  
    E3                                                0.000     0.000 r  CLK (IN)
                         net (fo=0)                   0.000     0.000    CLK
    E3                   IBUF (Prop_ibuf_I_O)         0.438     0.438 r  CLK_IBUF_inst/O
                         net (fo=1, routed)           0.699     1.136    CLK_IBUF
    BUFGCTRL_X0Y16       BUFG (Prop_bufg_I_O)         0.029     1.165 r  CLK_IBUF_BUFG_inst/O
                         net (fo=51, routed)          0.837     2.002    u_seg8/CLK_IBUF_BUFG
    SLICE_X49Y94         FDRE                                         r  u_seg8/scan_cnt_reg[13]/C
                         clock pessimism             -0.516     1.485    
    SLICE_X49Y94         FDRE (Hold_fdre_C_D)         0.105     1.590    u_seg8/scan_cnt_reg[13]
  -------------------------------------------------------------------
                         required time                         -1.590    
                         arrival time                           1.859    
  -------------------------------------------------------------------
                         slack                                  0.268    





Pulse Width Checks
--------------------------------------------------------------------------------------
Clock Name:         sys_clk_pin
Waveform(ns):       { 0.000 5.000 }
Period(ns):         10.000
Sources:            { CLK }

Check Type        Corner  Lib Pin  Reference Pin  Required(ns)  Actual(ns)  Slack(ns)  Location        Pin
Min Period        n/a     BUFG/I   n/a            2.155         10.000      7.845      BUFGCTRL_X0Y16  CLK_IBUF_BUFG_inst/I
Min Period        n/a     FDCE/C   n/a            1.000         10.000      9.000      SLICE_X51Y95    divider/CLK_1Hz_Out_reg/C
Min Period        n/a     FDCE/C   n/a            1.000         10.000      9.000      SLICE_X50Y96    divider/count_div_reg[0]/C
Min Period        n/a     FDCE/C   n/a            1.000         10.000      9.000      SLICE_X51Y94    divider/count_div_reg[10]/C
Min Period        n/a     FDCE/C   n/a            1.000         10.000      9.000      SLICE_X51Y94    divider/count_div_reg[11]/C
Min Period        n/a     FDCE/C   n/a            1.000         10.000      9.000      SLICE_X51Y94    divider/count_div_reg[12]/C
Min Period        n/a     FDCE/C   n/a            1.000         10.000      9.000      SLICE_X51Y95    divider/count_div_reg[13]/C
Min Period        n/a     FDCE/C   n/a            1.000         10.000      9.000      SLICE_X51Y95    divider/count_div_reg[14]/C
Min Period        n/a     FDCE/C   n/a            1.000         10.000      9.000      SLICE_X51Y95    divider/count_div_reg[15]/C
Min Period        n/a     FDCE/C   n/a            1.000         10.000      9.000      SLICE_X51Y95    divider/count_div_reg[16]/C
Low Pulse Width   Slow    FDCE/C   n/a            0.500         5.000       4.500      SLICE_X51Y95    divider/CLK_1Hz_Out_reg/C
Low Pulse Width   Fast    FDCE/C   n/a            0.500         5.000       4.500      SLICE_X51Y95    divider/CLK_1Hz_Out_reg/C
Low Pulse Width   Slow    FDCE/C   n/a            0.500         5.000       4.500      SLICE_X50Y96    divider/count_div_reg[0]/C
Low Pulse Width   Fast    FDCE/C   n/a            0.500         5.000       4.500      SLICE_X50Y96    divider/count_div_reg[0]/C
Low Pulse Width   Slow    FDCE/C   n/a            0.500         5.000       4.500      SLICE_X51Y94    divider/count_div_reg[10]/C
Low Pulse Width   Fast    FDCE/C   n/a            0.500         5.000       4.500      SLICE_X51Y94    divider/count_div_reg[10]/C
Low Pulse Width   Slow    FDCE/C   n/a            0.500         5.000       4.500      SLICE_X51Y94    divider/count_div_reg[11]/C
Low Pulse Width   Fast    FDCE/C   n/a            0.500         5.000       4.500      SLICE_X51Y94    divider/count_div_reg[11]/C
Low Pulse Width   Slow    FDCE/C   n/a            0.500         5.000       4.500      SLICE_X51Y94    divider/count_div_reg[12]/C
Low Pulse Width   Fast    FDCE/C   n/a            0.500         5.000       4.500      SLICE_X51Y94    divider/count_div_reg[12]/C
High Pulse Width  Slow    FDCE/C   n/a            0.500         5.000       4.500      SLICE_X51Y95    divider/CLK_1Hz_Out_reg/C
High Pulse Width  Fast    FDCE/C   n/a            0.500         5.000       4.500      SLICE_X51Y95    divider/CLK_1Hz_Out_reg/C
High Pulse Width  Slow    FDCE/C   n/a            0.500         5.000       4.500      SLICE_X50Y96    divider/count_div_reg[0]/C
High Pulse Width  Fast    FDCE/C   n/a            0.500         5.000       4.500      SLICE_X50Y96    divider/count_div_reg[0]/C
High Pulse Width  Slow    FDCE/C   n/a            0.500         5.000       4.500      SLICE_X51Y94    divider/count_div_reg[10]/C
High Pulse Width  Fast    FDCE/C   n/a            0.500         5.000       4.500      SLICE_X51Y94    divider/count_div_reg[10]/C
High Pulse Width  Slow    FDCE/C   n/a            0.500         5.000       4.500      SLICE_X51Y94    divider/count_div_reg[11]/C
High Pulse Width  Fast    FDCE/C   n/a            0.500         5.000       4.500      SLICE_X51Y94    divider/count_div_reg[11]/C
High Pulse Width  Slow    FDCE/C   n/a            0.500         5.000       4.500      SLICE_X51Y94    divider/count_div_reg[12]/C
High Pulse Width  Fast    FDCE/C   n/a            0.500         5.000       4.500      SLICE_X51Y94    divider/count_div_reg[12]/C



--------------------------------------------------------------------------------------
Path Group:  (none)
From Clock:  
  To Clock:  

Max Delay            87 Endpoints
Min Delay            87 Endpoints
--------------------------------------------------------------------------------------


Max Delay Paths
--------------------------------------------------------------------------------------
Slack:                    inf
  Source:                 mod_alarm
                            (input port)
  Destination:            seg[1]
                            (output port)
  Path Group:             (none)
  Path Type:              Max at Slow Process Corner
  Data Path Delay:        15.364ns  (logic 6.008ns (39.104%)  route 9.356ns (60.896%))
  Logic Levels:           6  (IBUF=1 LUT3=1 LUT4=1 LUT6=2 OBUF=1)

    Location             Delay type                Incr(ns)  Path(ns)    Netlist Resource(s)
  -------------------------------------------------------------------    -------------------
    T18                                               0.000     0.000 r  mod_alarm (IN)
                         net (fo=0)                   0.000     0.000    mod_alarm
    T18                  IBUF (Prop_ibuf_I_O)         1.497     1.497 r  mod_alarm_IBUF_inst/O
                         net (fo=31, routed)          2.697     4.194    ealarm/min_alarm/mod_alarm_IBUF
    SLICE_X42Y94         LUT3 (Prop_lut3_I1_O)        0.146     4.340 r  ealarm/min_alarm/seg_OBUF[6]_inst_i_27/O
                         net (fo=4, routed)           0.826     5.166    ealarm/min_alarm/seg_OBUF[6]_inst_i_27_n_0
    SLICE_X44Y94         LUT6 (Prop_lut6_I1_O)        0.328     5.494 f  ealarm/min_alarm/seg_OBUF[6]_inst_i_17/O
                         net (fo=1, routed)           0.669     6.163    ealarm/min_alarm/seg_OBUF[6]_inst_i_17_n_0
    SLICE_X44Y94         LUT6 (Prop_lut6_I1_O)        0.124     6.287 f  ealarm/min_alarm/seg_OBUF[6]_inst_i_4/O
                         net (fo=7, routed)           1.109     7.395    u_seg8/seg[1]_0
    SLICE_X41Y93         LUT4 (Prop_lut4_I3_O)        0.154     7.549 r  u_seg8/seg_OBUF[1]_inst_i_1/O
                         net (fo=1, routed)           4.056    11.605    seg_OBUF[1]
    R10                  OBUF (Prop_obuf_I_O)         3.758    15.364 r  seg_OBUF[1]_inst/O
                         net (fo=0)                   0.000    15.364    seg[1]
    R10                                                               r  seg[1] (OUT)
  -------------------------------------------------------------------    -------------------

Slack:                    inf
  Source:                 mod_alarm
                            (input port)
  Destination:            seg[5]
                            (output port)
  Path Group:             (none)
  Path Type:              Max at Slow Process Corner
  Data Path Delay:        14.869ns  (logic 5.554ns (37.354%)  route 9.315ns (62.646%))
  Logic Levels:           6  (IBUF=1 LUT3=1 LUT4=1 LUT5=1 LUT6=1 OBUF=1)

    Location             Delay type                Incr(ns)  Path(ns)    Netlist Resource(s)
  -------------------------------------------------------------------    -------------------
    T18                                               0.000     0.000 r  mod_alarm (IN)
                         net (fo=0)                   0.000     0.000    mod_alarm
    T18                  IBUF (Prop_ibuf_I_O)         1.497     1.497 r  mod_alarm_IBUF_inst/O
                         net (fo=31, routed)          2.886     4.384    ealarm/min_alarm/mod_alarm_IBUF
    SLICE_X41Y94         LUT3 (Prop_lut3_I1_O)        0.124     4.508 r  ealarm/min_alarm/seg_OBUF[6]_inst_i_23/O
                         net (fo=5, routed)           0.991     5.499    ealarm/min_alarm/seg_OBUF[6]_inst_i_23_n_0
    SLICE_X44Y94         LUT5 (Prop_lut5_I0_O)        0.124     5.623 f  ealarm/min_alarm/seg_OBUF[6]_inst_i_12/O
                         net (fo=1, routed)           0.636     6.259    u_seg8/seg_OBUF[3]_inst_i_1
    SLICE_X44Y95         LUT6 (Prop_lut6_I2_O)        0.124     6.383 r  u_seg8/seg_OBUF[6]_inst_i_3/O
                         net (fo=7, routed)           1.325     7.708    ealarm/min_alarm/seg[6]
    SLICE_X41Y93         LUT4 (Prop_lut4_I3_O)        0.124     7.832 r  ealarm/min_alarm/seg_OBUF[5]_inst_i_1/O
                         net (fo=1, routed)           3.476    11.308    seg_OBUF[5]
    T11                  OBUF (Prop_obuf_I_O)         3.561    14.869 r  seg_OBUF[5]_inst/O
                         net (fo=0)                   0.000    14.869    seg[5]
    T11                                                               r  seg[5] (OUT)
  -------------------------------------------------------------------    -------------------

Slack:                    inf
  Source:                 mod_alarm
                            (input port)
  Destination:            seg[0]
                            (output port)
  Path Group:             (none)
  Path Type:              Max at Slow Process Corner
  Data Path Delay:        14.868ns  (logic 5.796ns (38.985%)  route 9.072ns (61.015%))
  Logic Levels:           6  (IBUF=1 LUT3=1 LUT4=1 LUT6=2 OBUF=1)

    Location             Delay type                Incr(ns)  Path(ns)    Netlist Resource(s)
  -------------------------------------------------------------------    -------------------
    T18                                               0.000     0.000 r  mod_alarm (IN)
                         net (fo=0)                   0.000     0.000    mod_alarm
    T18                  IBUF (Prop_ibuf_I_O)         1.497     1.497 r  mod_alarm_IBUF_inst/O
                         net (fo=31, routed)          2.697     4.194    ealarm/min_alarm/mod_alarm_IBUF
    SLICE_X42Y94         LUT3 (Prop_lut3_I1_O)        0.146     4.340 r  ealarm/min_alarm/seg_OBUF[6]_inst_i_27/O
                         net (fo=4, routed)           0.826     5.166    ealarm/min_alarm/seg_OBUF[6]_inst_i_27_n_0
    SLICE_X44Y94         LUT6 (Prop_lut6_I1_O)        0.328     5.494 r  ealarm/min_alarm/seg_OBUF[6]_inst_i_17/O
                         net (fo=1, routed)           0.669     6.163    ealarm/min_alarm/seg_OBUF[6]_inst_i_17_n_0
    SLICE_X44Y94         LUT6 (Prop_lut6_I1_O)        0.124     6.287 r  ealarm/min_alarm/seg_OBUF[6]_inst_i_4/O
                         net (fo=7, routed)           1.109     7.395    u_seg8/seg[1]_0
    SLICE_X41Y93         LUT4 (Prop_lut4_I1_O)        0.124     7.519 r  u_seg8/seg_OBUF[0]_inst_i_1/O
                         net (fo=1, routed)           3.772    11.291    seg_OBUF[0]
    T10                  OBUF (Prop_obuf_I_O)         3.577    14.868 r  seg_OBUF[0]_inst/O
                         net (fo=0)                   0.000    14.868    seg[0]
    T10                                                               r  seg[0] (OUT)
  -------------------------------------------------------------------    -------------------

Slack:                    inf
  Source:                 mod_alarm
                            (input port)
  Destination:            seg[3]
                            (output port)
  Path Group:             (none)
  Path Type:              Max at Slow Process Corner
  Data Path Delay:        14.754ns  (logic 5.774ns (39.132%)  route 8.981ns (60.868%))
  Logic Levels:           6  (IBUF=1 LUT3=1 LUT4=1 LUT5=1 LUT6=1 OBUF=1)

    Location             Delay type                Incr(ns)  Path(ns)    Netlist Resource(s)
  -------------------------------------------------------------------    -------------------
    T18                                               0.000     0.000 r  mod_alarm (IN)
                         net (fo=0)                   0.000     0.000    mod_alarm
    T18                  IBUF (Prop_ibuf_I_O)         1.497     1.497 r  mod_alarm_IBUF_inst/O
                         net (fo=31, routed)          2.886     4.384    ealarm/min_alarm/mod_alarm_IBUF
    SLICE_X41Y94         LUT3 (Prop_lut3_I1_O)        0.124     4.508 r  ealarm/min_alarm/seg_OBUF[6]_inst_i_23/O
                         net (fo=5, routed)           0.991     5.499    ealarm/min_alarm/seg_OBUF[6]_inst_i_23_n_0
    SLICE_X44Y94         LUT5 (Prop_lut5_I0_O)        0.124     5.623 f  ealarm/min_alarm/seg_OBUF[6]_inst_i_12/O
                         net (fo=1, routed)           0.636     6.259    u_seg8/seg_OBUF[3]_inst_i_1
    SLICE_X44Y95         LUT6 (Prop_lut6_I2_O)        0.124     6.383 r  u_seg8/seg_OBUF[6]_inst_i_3/O
                         net (fo=7, routed)           1.323     7.706    ealarm/min_alarm/seg[6]
    SLICE_X41Y93         LUT4 (Prop_lut4_I2_O)        0.152     7.858 r  ealarm/min_alarm/seg_OBUF[3]_inst_i_1/O
                         net (fo=1, routed)           3.144    11.002    seg_OBUF[3]
    K13                  OBUF (Prop_obuf_I_O)         3.752    14.754 r  seg_OBUF[3]_inst/O
                         net (fo=0)                   0.000    14.754    seg[3]
    K13                                                               r  seg[3] (OUT)
  -------------------------------------------------------------------    -------------------

Slack:                    inf
  Source:                 mod_alarm
                            (input port)
  Destination:            seg[4]
                            (output port)
  Path Group:             (none)
  Path Type:              Max at Slow Process Corner
  Data Path Delay:        14.571ns  (logic 5.527ns (37.931%)  route 9.044ns (62.069%))
  Logic Levels:           6  (IBUF=1 LUT3=1 LUT4=1 LUT5=1 LUT6=1 OBUF=1)

    Location             Delay type                Incr(ns)  Path(ns)    Netlist Resource(s)
  -------------------------------------------------------------------    -------------------
    T18                                               0.000     0.000 r  mod_alarm (IN)
                         net (fo=0)                   0.000     0.000    mod_alarm
    T18                  IBUF (Prop_ibuf_I_O)         1.497     1.497 r  mod_alarm_IBUF_inst/O
                         net (fo=31, routed)          2.886     4.384    ealarm/min_alarm/mod_alarm_IBUF
    SLICE_X41Y94         LUT3 (Prop_lut3_I1_O)        0.124     4.508 r  ealarm/min_alarm/seg_OBUF[6]_inst_i_23/O
                         net (fo=5, routed)           0.991     5.499    ealarm/min_alarm/seg_OBUF[6]_inst_i_23_n_0
    SLICE_X44Y94         LUT5 (Prop_lut5_I0_O)        0.124     5.623 f  ealarm/min_alarm/seg_OBUF[6]_inst_i_12/O
                         net (fo=1, routed)           0.636     6.259    u_seg8/seg_OBUF[3]_inst_i_1
    SLICE_X44Y95         LUT6 (Prop_lut6_I2_O)        0.124     6.383 r  u_seg8/seg_OBUF[6]_inst_i_3/O
                         net (fo=7, routed)           1.323     7.706    ealarm/min_alarm/seg[6]
    SLICE_X41Y93         LUT4 (Prop_lut4_I3_O)        0.124     7.830 r  ealarm/min_alarm/seg_OBUF[4]_inst_i_1/O
                         net (fo=1, routed)           3.208    11.037    seg_OBUF[4]
    P15                  OBUF (Prop_obuf_I_O)         3.534    14.571 r  seg_OBUF[4]_inst/O
                         net (fo=0)                   0.000    14.571    seg[4]
    P15                                                               r  seg[4] (OUT)
  -------------------------------------------------------------------    -------------------

Slack:                    inf
  Source:                 mod_alarm
                            (input port)
  Destination:            seg[6]
                            (output port)
  Path Group:             (none)
  Path Type:              Max at Slow Process Corner
  Data Path Delay:        14.337ns  (logic 5.767ns (40.222%)  route 8.570ns (59.778%))
  Logic Levels:           6  (IBUF=1 LUT3=1 LUT4=1 LUT5=1 LUT6=1 OBUF=1)

    Location             Delay type                Incr(ns)  Path(ns)    Netlist Resource(s)
  -------------------------------------------------------------------    -------------------
    T18                                               0.000     0.000 r  mod_alarm (IN)
                         net (fo=0)                   0.000     0.000    mod_alarm
    T18                  IBUF (Prop_ibuf_I_O)         1.497     1.497 r  mod_alarm_IBUF_inst/O
                         net (fo=31, routed)          2.886     4.384    ealarm/min_alarm/mod_alarm_IBUF
    SLICE_X41Y94         LUT3 (Prop_lut3_I1_O)        0.124     4.508 r  ealarm/min_alarm/seg_OBUF[6]_inst_i_23/O
                         net (fo=5, routed)           0.991     5.499    ealarm/min_alarm/seg_OBUF[6]_inst_i_23_n_0
    SLICE_X44Y94         LUT5 (Prop_lut5_I0_O)        0.124     5.623 f  ealarm/min_alarm/seg_OBUF[6]_inst_i_12/O
                         net (fo=1, routed)           0.636     6.259    u_seg8/seg_OBUF[3]_inst_i_1
    SLICE_X44Y95         LUT6 (Prop_lut6_I2_O)        0.124     6.383 r  u_seg8/seg_OBUF[6]_inst_i_3/O
                         net (fo=7, routed)           1.325     7.708    ealarm/min_alarm/seg[6]
    SLICE_X41Y93         LUT4 (Prop_lut4_I1_O)        0.152     7.860 r  ealarm/min_alarm/seg_OBUF[6]_inst_i_1/O
                         net (fo=1, routed)           2.732    10.592    seg_OBUF[6]
    L18                  OBUF (Prop_obuf_I_O)         3.745    14.337 r  seg_OBUF[6]_inst/O
                         net (fo=0)                   0.000    14.337    seg[6]
    L18                                                               r  seg[6] (OUT)
  -------------------------------------------------------------------    -------------------

Slack:                    inf
  Source:                 mod_alarm
                            (input port)
  Destination:            seg[2]
                            (output port)
  Path Group:             (none)
  Path Type:              Max at Slow Process Corner
  Data Path Delay:        13.552ns  (logic 5.712ns (42.153%)  route 7.839ns (57.847%))
  Logic Levels:           6  (IBUF=1 LUT3=2 LUT6=2 OBUF=1)

    Location             Delay type                Incr(ns)  Path(ns)    Netlist Resource(s)
  -------------------------------------------------------------------    -------------------
    T18                                               0.000     0.000 r  mod_alarm (IN)
                         net (fo=0)                   0.000     0.000    mod_alarm
    T18                  IBUF (Prop_ibuf_I_O)         1.497     1.497 r  mod_alarm_IBUF_inst/O
                         net (fo=31, routed)          2.697     4.194    ealarm/min_alarm/mod_alarm_IBUF
    SLICE_X42Y94         LUT3 (Prop_lut3_I1_O)        0.146     4.340 r  ealarm/min_alarm/seg_OBUF[6]_inst_i_27/O
                         net (fo=4, routed)           0.826     5.166    ealarm/min_alarm/seg_OBUF[6]_inst_i_27_n_0
    SLICE_X44Y94         LUT6 (Prop_lut6_I1_O)        0.328     5.494 r  ealarm/min_alarm/seg_OBUF[6]_inst_i_17/O
                         net (fo=1, routed)           0.669     6.163    ealarm/min_alarm/seg_OBUF[6]_inst_i_17_n_0
    SLICE_X44Y94         LUT6 (Prop_lut6_I1_O)        0.124     6.287 r  ealarm/min_alarm/seg_OBUF[6]_inst_i_4/O
                         net (fo=7, routed)           0.830     7.116    ealarm/min_alarm/digit_sel_reg[2]
    SLICE_X41Y94         LUT3 (Prop_lut3_I0_O)        0.124     7.240 r  ealarm/min_alarm/seg_OBUF[2]_inst_i_1/O
                         net (fo=1, routed)           2.818    10.059    seg_OBUF[2]
    K16                  OBUF (Prop_obuf_I_O)         3.493    13.552 r  seg_OBUF[2]_inst/O
                         net (fo=0)                   0.000    13.552    seg[2]
    K16                                                               r  seg[2] (OUT)
  -------------------------------------------------------------------    -------------------

Slack:                    inf
  Source:                 u_sec/sec_reg[4]/C
                            (rising edge-triggered cell FDCE)
  Destination:            LED[2]
                            (output port)
  Path Group:             (none)
  Path Type:              Max at Slow Process Corner
  Data Path Delay:        8.745ns  (logic 4.195ns (47.964%)  route 4.551ns (52.036%))
  Logic Levels:           3  (FDCE=1 LUT6=1 OBUF=1)

    Location             Delay type                Incr(ns)  Path(ns)    Netlist Resource(s)
  -------------------------------------------------------------------    -------------------
    SLICE_X46Y91         FDCE                         0.000     0.000 r  u_sec/sec_reg[4]/C
    SLICE_X46Y91         FDCE (Prop_fdce_C_Q)         0.518     0.518 r  u_sec/sec_reg[4]/Q
                         net (fo=9, routed)           0.856     1.374    u_sec/sec_reg[4]
    SLICE_X44Y91         LUT6 (Prop_lut6_I1_O)        0.124     1.498 r  u_sec/LED_OBUF[2]_inst_i_1/O
                         net (fo=6, routed)           3.694     5.193    LED_OBUF[2]
    J13                  OBUF (Prop_obuf_I_O)         3.553     8.745 r  LED_OBUF[2]_inst/O
                         net (fo=0)                   0.000     8.745    LED[2]
    J13                                                               r  LED[2] (OUT)
  -------------------------------------------------------------------    -------------------

Slack:                    inf
  Source:                 hourly/alarm1/alarm_reg/C
                            (rising edge-triggered cell FDCE)
  Destination:            hourly_LED
                            (output port)
  Path Group:             (none)
  Path Type:              Max at Slow Process Corner
  Data Path Delay:        7.309ns  (logic 3.973ns (54.367%)  route 3.335ns (45.633%))
  Logic Levels:           2  (FDCE=1 OBUF=1)

    Location             Delay type                Incr(ns)  Path(ns)    Netlist Resource(s)
  -------------------------------------------------------------------    -------------------
    SLICE_X44Y93         FDCE                         0.000     0.000 r  hourly/alarm1/alarm_reg/C
    SLICE_X44Y93         FDCE (Prop_fdce_C_Q)         0.456     0.456 r  hourly/alarm1/alarm_reg/Q
                         net (fo=1, routed)           3.335     3.791    hourly_LED_OBUF
    N15                  OBUF (Prop_obuf_I_O)         3.517     7.309 r  hourly_LED_OBUF_inst/O
                         net (fo=0)                   0.000     7.309    hourly_LED
    N15                                                               r  hourly_LED (OUT)
  -------------------------------------------------------------------    -------------------

Slack:                    inf
  Source:                 u_sec/sec_reg[0]/C
                            (rising edge-triggered cell FDCE)
  Destination:            LED[1]
                            (output port)
  Path Group:             (none)
  Path Type:              Max at Slow Process Corner
  Data Path Delay:        7.245ns  (logic 4.053ns (55.950%)  route 3.191ns (44.050%))
  Logic Levels:           2  (FDCE=1 OBUF=1)

    Location             Delay type                Incr(ns)  Path(ns)    Netlist Resource(s)
  -------------------------------------------------------------------    -------------------
    SLICE_X46Y92         FDCE                         0.000     0.000 r  u_sec/sec_reg[0]/C
    SLICE_X46Y92         FDCE (Prop_fdce_C_Q)         0.518     0.518 r  u_sec/sec_reg[0]/Q
                         net (fo=9, routed)           3.191     3.709    LED_OBUF[1]
    K15                  OBUF (Prop_obuf_I_O)         3.535     7.245 r  LED_OBUF[1]_inst/O
                         net (fo=0)                   0.000     7.245    LED[1]
    K15                                                               r  LED[1] (OUT)
  -------------------------------------------------------------------    -------------------





Min Delay Paths
--------------------------------------------------------------------------------------
Slack:                    inf
  Source:                 u_hour/hour_reg[0]/C
                            (rising edge-triggered cell FDCE)
  Destination:            u_hour/hour_reg[0]/D
  Path Group:             (none)
  Path Type:              Min at Fast Process Corner
  Data Path Delay:        0.303ns  (logic 0.186ns (61.324%)  route 0.117ns (38.676%))
  Logic Levels:           2  (FDCE=1 LUT5=1)

    Location             Delay type                Incr(ns)  Path(ns)    Netlist Resource(s)
  -------------------------------------------------------------------    -------------------
    SLICE_X41Y96         FDCE                         0.000     0.000 r  u_hour/hour_reg[0]/C
    SLICE_X41Y96         FDCE (Prop_fdce_C_Q)         0.141     0.141 r  u_hour/hour_reg[0]/Q
                         net (fo=8, routed)           0.117     0.258    u_hour/Q[0]
    SLICE_X41Y96         LUT5 (Prop_lut5_I0_O)        0.045     0.303 r  u_hour/hour[0]_i_1__0/O
                         net (fo=1, routed)           0.000     0.303    u_hour/hour[0]_i_1__0_n_0
    SLICE_X41Y96         FDCE                                         r  u_hour/hour_reg[0]/D
  -------------------------------------------------------------------    -------------------

Slack:                    inf
  Source:                 ealarm/hour_alarm/hour_reg[4]/C
                            (rising edge-triggered cell FDCE)
  Destination:            ealarm/hour_alarm/hour_reg[2]/D
  Path Group:             (none)
  Path Type:              Min at Fast Process Corner
  Data Path Delay:        0.324ns  (logic 0.227ns (69.967%)  route 0.097ns (30.033%))
  Logic Levels:           2  (FDCE=1 LUT5=1)

    Location             Delay type                Incr(ns)  Path(ns)    Netlist Resource(s)
  -------------------------------------------------------------------    -------------------
    SLICE_X43Y94         FDCE                         0.000     0.000 r  ealarm/hour_alarm/hour_reg[4]/C
    SLICE_X43Y94         FDCE (Prop_fdce_C_Q)         0.128     0.128 r  ealarm/hour_alarm/hour_reg[4]/Q
                         net (fo=6, routed)           0.097     0.225    ealarm/hour_alarm/hour_reg[4]_0[3]
    SLICE_X43Y94         LUT5 (Prop_lut5_I2_O)        0.099     0.324 r  ealarm/hour_alarm/hour[2]_i_1__0/O
                         net (fo=1, routed)           0.000     0.324    ealarm/hour_alarm/hour_next[2]
    SLICE_X43Y94         FDCE                                         r  ealarm/hour_alarm/hour_reg[2]/D
  -------------------------------------------------------------------    -------------------

Slack:                    inf
  Source:                 ealarm/alarm1/flash_phase_reg/C
                            (rising edge-triggered cell FDCE)
  Destination:            ealarm/alarm1/flash_counter_reg[1]/D
  Path Group:             (none)
  Path Type:              Min at Fast Process Corner
  Data Path Delay:        0.326ns  (logic 0.226ns (69.310%)  route 0.100ns (30.690%))
  Logic Levels:           2  (FDCE=1 LUT5=1)

    Location             Delay type                Incr(ns)  Path(ns)    Netlist Resource(s)
  -------------------------------------------------------------------    -------------------
    SLICE_X45Y93         FDCE                         0.000     0.000 r  ealarm/alarm1/flash_phase_reg/C
    SLICE_X45Y93         FDCE (Prop_fdce_C_Q)         0.128     0.128 r  ealarm/alarm1/flash_phase_reg/Q
                         net (fo=4, routed)           0.100     0.228    ealarm/alarm1/flash_phase_reg_n_0
    SLICE_X45Y93         LUT5 (Prop_lut5_I4_O)        0.098     0.326 r  ealarm/alarm1/flash_counter[1]_i_1/O
                         net (fo=1, routed)           0.000     0.326    ealarm/alarm1/flash_counter[1]_i_1_n_0
    SLICE_X45Y93         FDCE                                         r  ealarm/alarm1/flash_counter_reg[1]/D
  -------------------------------------------------------------------    -------------------

Slack:                    inf
  Source:                 ealarm/alarm1/flash_counter_reg[2]/C
                            (rising edge-triggered cell FDCE)
  Destination:            ealarm/alarm1/alarm_reg/D
  Path Group:             (none)
  Path Type:              Min at Fast Process Corner
  Data Path Delay:        0.327ns  (logic 0.226ns (69.170%)  route 0.101ns (30.830%))
  Logic Levels:           2  (FDCE=1 LUT4=1)

    Location             Delay type                Incr(ns)  Path(ns)    Netlist Resource(s)
  -------------------------------------------------------------------    -------------------
    SLICE_X45Y93         FDCE                         0.000     0.000 r  ealarm/alarm1/flash_counter_reg[2]/C
    SLICE_X45Y93         FDCE (Prop_fdce_C_Q)         0.128     0.128 f  ealarm/alarm1/flash_counter_reg[2]/Q
                         net (fo=5, routed)           0.101     0.229    ealarm/alarm1/flash_counter_reg_n_0_[2]
    SLICE_X45Y93         LUT4 (Prop_lut4_I2_O)        0.098     0.327 r  ealarm/alarm1/alarm_i_1/O
                         net (fo=1, routed)           0.000     0.327    ealarm/alarm1/alarm_i_1_n_0
    SLICE_X45Y93         FDCE                                         r  ealarm/alarm1/alarm_reg/D
  -------------------------------------------------------------------    -------------------

Slack:                    inf
  Source:                 u_min/min_reg[2]/C
                            (rising edge-triggered cell FDCE)
  Destination:            u_min/min_reg[4]/D
  Path Group:             (none)
  Path Type:              Min at Fast Process Corner
  Data Path Delay:        0.328ns  (logic 0.186ns (56.667%)  route 0.142ns (43.333%))
  Logic Levels:           2  (FDCE=1 LUT5=1)

    Location             Delay type                Incr(ns)  Path(ns)    Netlist Resource(s)
  -------------------------------------------------------------------    -------------------
    SLICE_X40Y95         FDCE                         0.000     0.000 r  u_min/min_reg[2]/C
    SLICE_X40Y95         FDCE (Prop_fdce_C_Q)         0.141     0.141 r  u_min/min_reg[2]/Q
                         net (fo=8, routed)           0.142     0.283    u_min/Q[2]
    SLICE_X41Y95         LUT5 (Prop_lut5_I1_O)        0.045     0.328 r  u_min/min[4]_i_1/O
                         net (fo=1, routed)           0.000     0.328    u_min/min_next[4]
    SLICE_X41Y95         FDCE                                         r  u_min/min_reg[4]/D
  -------------------------------------------------------------------    -------------------

Slack:                    inf
  Source:                 u_min/min_reg[2]/C
                            (rising edge-triggered cell FDCE)
  Destination:            u_min/min_reg[5]/D
  Path Group:             (none)
  Path Type:              Min at Fast Process Corner
  Data Path Delay:        0.329ns  (logic 0.186ns (56.495%)  route 0.143ns (43.505%))
  Logic Levels:           2  (FDCE=1 LUT6=1)

    Location             Delay type                Incr(ns)  Path(ns)    Netlist Resource(s)
  -------------------------------------------------------------------    -------------------
    SLICE_X40Y95         FDCE                         0.000     0.000 r  u_min/min_reg[2]/C
    SLICE_X40Y95         FDCE (Prop_fdce_C_Q)         0.141     0.141 r  u_min/min_reg[2]/Q
                         net (fo=8, routed)           0.143     0.284    u_min/Q[2]
    SLICE_X41Y95         LUT6 (Prop_lut6_I2_O)        0.045     0.329 r  u_min/min[5]_i_1/O
                         net (fo=1, routed)           0.000     0.329    u_min/min_next[5]
    SLICE_X41Y95         FDCE                                         r  u_min/min_reg[5]/D
  -------------------------------------------------------------------    -------------------

Slack:                    inf
  Source:                 ealarm/alarm1/flash_phase_reg/C
                            (rising edge-triggered cell FDCE)
  Destination:            ealarm/alarm1/flash_counter_reg[2]/D
  Path Group:             (none)
  Path Type:              Min at Fast Process Corner
  Data Path Delay:        0.332ns  (logic 0.232ns (69.864%)  route 0.100ns (30.136%))
  Logic Levels:           2  (FDCE=1 LUT5=1)

    Location             Delay type                Incr(ns)  Path(ns)    Netlist Resource(s)
  -------------------------------------------------------------------    -------------------
    SLICE_X45Y93         FDCE                         0.000     0.000 r  ealarm/alarm1/flash_phase_reg/C
    SLICE_X45Y93         FDCE (Prop_fdce_C_Q)         0.128     0.128 r  ealarm/alarm1/flash_phase_reg/Q
                         net (fo=4, routed)           0.100     0.228    ealarm/alarm1/flash_phase_reg_n_0
    SLICE_X45Y93         LUT5 (Prop_lut5_I4_O)        0.104     0.332 r  ealarm/alarm1/flash_counter[2]_i_1/O
                         net (fo=1, routed)           0.000     0.332    ealarm/alarm1/flash_counter[2]_i_1_n_0
    SLICE_X45Y93         FDCE                                         r  ealarm/alarm1/flash_counter_reg[2]/D
  -------------------------------------------------------------------    -------------------

Slack:                    inf
  Source:                 hourly/alarm1/flash_phase_reg/C
                            (rising edge-triggered cell FDCE)
  Destination:            hourly/alarm1/flash_counter_reg[1]/D
  Path Group:             (none)
  Path Type:              Min at Fast Process Corner
  Data Path Delay:        0.347ns  (logic 0.226ns (65.085%)  route 0.121ns (34.915%))
  Logic Levels:           2  (FDCE=1 LUT5=1)

    Location             Delay type                Incr(ns)  Path(ns)    Netlist Resource(s)
  -------------------------------------------------------------------    -------------------
    SLICE_X44Y93         FDCE                         0.000     0.000 r  hourly/alarm1/flash_phase_reg/C
    SLICE_X44Y93         FDCE (Prop_fdce_C_Q)         0.128     0.128 r  hourly/alarm1/flash_phase_reg/Q
                         net (fo=4, routed)           0.121     0.249    hourly/alarm1/flash_phase_reg_n_0
    SLICE_X44Y93         LUT5 (Prop_lut5_I3_O)        0.098     0.347 r  hourly/alarm1/flash_counter[1]_i_1/O
                         net (fo=1, routed)           0.000     0.347    hourly/alarm1/flash_counter[1]_i_1_n_0
    SLICE_X44Y93         FDCE                                         r  hourly/alarm1/flash_counter_reg[1]/D
  -------------------------------------------------------------------    -------------------

Slack:                    inf
  Source:                 ealarm/hour_alarm/hour_reg[1]/C
                            (rising edge-triggered cell FDCE)
  Destination:            ealarm/hour_alarm/hour_reg[1]/D
  Path Group:             (none)
  Path Type:              Min at Fast Process Corner
  Data Path Delay:        0.351ns  (logic 0.183ns (52.101%)  route 0.168ns (47.899%))
  Logic Levels:           2  (FDCE=1 LUT5=1)

    Location             Delay type                Incr(ns)  Path(ns)    Netlist Resource(s)
  -------------------------------------------------------------------    -------------------
    SLICE_X43Y95         FDCE                         0.000     0.000 r  ealarm/hour_alarm/hour_reg[1]/C
    SLICE_X43Y95         FDCE (Prop_fdce_C_Q)         0.141     0.141 r  ealarm/hour_alarm/hour_reg[1]/Q
                         net (fo=4, routed)           0.168     0.309    ealarm/hour_alarm/hour_reg_n_0_[1]
    SLICE_X43Y95         LUT5 (Prop_lut5_I0_O)        0.042     0.351 r  ealarm/hour_alarm/hour[1]_i_1__0/O
                         net (fo=1, routed)           0.000     0.351    ealarm/hour_alarm/hour_next[1]
    SLICE_X43Y95         FDCE                                         r  ealarm/hour_alarm/hour_reg[1]/D
  -------------------------------------------------------------------    -------------------

Slack:                    inf
  Source:                 hourly/alarm1/flash_phase_reg/C
                            (rising edge-triggered cell FDCE)
  Destination:            hourly/alarm1/flash_counter_reg[2]/D
  Path Group:             (none)
  Path Type:              Min at Fast Process Corner
  Data Path Delay:        0.353ns  (logic 0.232ns (65.678%)  route 0.121ns (34.322%))
  Logic Levels:           2  (FDCE=1 LUT5=1)

    Location             Delay type                Incr(ns)  Path(ns)    Netlist Resource(s)
  -------------------------------------------------------------------    -------------------
    SLICE_X44Y93         FDCE                         0.000     0.000 r  hourly/alarm1/flash_phase_reg/C
    SLICE_X44Y93         FDCE (Prop_fdce_C_Q)         0.128     0.128 r  hourly/alarm1/flash_phase_reg/Q
                         net (fo=4, routed)           0.121     0.249    hourly/alarm1/flash_phase_reg_n_0
    SLICE_X44Y93         LUT5 (Prop_lut5_I3_O)        0.104     0.353 r  hourly/alarm1/flash_counter[2]_i_1/O
                         net (fo=1, routed)           0.000     0.353    hourly/alarm1/flash_counter[2]_i_1_n_0
    SLICE_X44Y93         FDCE                                         r  hourly/alarm1/flash_counter_reg[2]/D
  -------------------------------------------------------------------    -------------------





--------------------------------------------------------------------------------------
Path Group:  (none)
From Clock:  sys_clk_pin
  To Clock:  

Max Delay            16 Endpoints
Min Delay            16 Endpoints
--------------------------------------------------------------------------------------


Max Delay Paths
--------------------------------------------------------------------------------------
Slack:                    inf
  Source:                 u_seg8/digit_sel_reg[0]/C
                            (rising edge-triggered cell FDRE clocked by sys_clk_pin  {rise@0.000ns fall@5.000ns period=10.000ns})
  Destination:            seg[1]
                            (output port)
  Path Group:             (none)
  Path Type:              Max at Slow Process Corner
  Data Path Delay:        12.329ns  (logic 4.801ns (38.945%)  route 7.527ns (61.055%))
  Logic Levels:           5  (LUT4=2 LUT6=2 OBUF=1)
  Clock Uncertainty:      0.025ns  ((TSJ^2 + TIJ^2)^1/2 + DJ) / 2 + PE
    Total System Jitter     (TSJ):    0.050ns
    Total Input Jitter      (TIJ):    0.000ns
    Discrete Jitter          (DJ):    0.000ns
    Phase Error              (PE):    0.000ns

    Location             Delay type                Incr(ns)  Path(ns)    Netlist Resource(s)
  -------------------------------------------------------------------    -------------------
                         (clock sys_clk_pin rise edge)
                                                      0.000     0.000 r  
    E3                                                0.000     0.000 r  CLK (IN)
                         net (fo=0)                   0.000     0.000    CLK
    E3                   IBUF (Prop_ibuf_I_O)         1.482     1.482 r  CLK_IBUF_inst/O
                         net (fo=1, routed)           2.025     3.506    CLK_IBUF
    BUFGCTRL_X0Y16       BUFG (Prop_bufg_I_O)         0.096     3.602 r  CLK_IBUF_BUFG_inst/O
                         net (fo=51, routed)          1.634     5.237    u_seg8/CLK_IBUF_BUFG
    SLICE_X42Y92         FDRE                                         r  u_seg8/digit_sel_reg[0]/C
  -------------------------------------------------------------------    -------------------
    SLICE_X42Y92         FDRE (Prop_fdre_C_Q)         0.518     5.755 r  u_seg8/digit_sel_reg[0]/Q
                         net (fo=27, routed)          0.959     6.714    u_seg8/digit_sel_reg[0]_1
    SLICE_X42Y93         LUT6 (Prop_lut6_I4_O)        0.124     6.838 r  u_seg8/seg_OBUF[6]_inst_i_35/O
                         net (fo=1, routed)           0.670     7.508    u_seg8/seg_OBUF[6]_inst_i_35_n_0
    SLICE_X42Y93         LUT4 (Prop_lut4_I3_O)        0.124     7.632 r  u_seg8/seg_OBUF[6]_inst_i_11/O
                         net (fo=1, routed)           0.955     8.587    u_seg8/seg_OBUF[6]_inst_i_11_n_0
    SLICE_X44Y95         LUT6 (Prop_lut6_I0_O)        0.124     8.711 r  u_seg8/seg_OBUF[6]_inst_i_3/O
                         net (fo=7, routed)           0.887     9.598    u_seg8/digit_sel_reg[2]_0
    SLICE_X41Y93         LUT4 (Prop_lut4_I2_O)        0.153     9.751 r  u_seg8/seg_OBUF[1]_inst_i_1/O
                         net (fo=1, routed)           4.056    13.807    seg_OBUF[1]
    R10                  OBUF (Prop_obuf_I_O)         3.758    17.566 r  seg_OBUF[1]_inst/O
                         net (fo=0)                   0.000    17.566    seg[1]
    R10                                                               r  seg[1] (OUT)
  -------------------------------------------------------------------    -------------------

Slack:                    inf
  Source:                 u_seg8/digit_sel_reg[0]/C
                            (rising edge-triggered cell FDRE clocked by sys_clk_pin  {rise@0.000ns fall@5.000ns period=10.000ns})
  Destination:            seg[5]
                            (output port)
  Path Group:             (none)
  Path Type:              Max at Slow Process Corner
  Data Path Delay:        11.960ns  (logic 4.575ns (38.249%)  route 7.386ns (61.751%))
  Logic Levels:           5  (LUT4=2 LUT6=2 OBUF=1)
  Clock Uncertainty:      0.025ns  ((TSJ^2 + TIJ^2)^1/2 + DJ) / 2 + PE
    Total System Jitter     (TSJ):    0.050ns
    Total Input Jitter      (TIJ):    0.000ns
    Discrete Jitter          (DJ):    0.000ns
    Phase Error              (PE):    0.000ns

    Location             Delay type                Incr(ns)  Path(ns)    Netlist Resource(s)
  -------------------------------------------------------------------    -------------------
                         (clock sys_clk_pin rise edge)
                                                      0.000     0.000 r  
    E3                                                0.000     0.000 r  CLK (IN)
                         net (fo=0)                   0.000     0.000    CLK
    E3                   IBUF (Prop_ibuf_I_O)         1.482     1.482 r  CLK_IBUF_inst/O
                         net (fo=1, routed)           2.025     3.506    CLK_IBUF
    BUFGCTRL_X0Y16       BUFG (Prop_bufg_I_O)         0.096     3.602 r  CLK_IBUF_BUFG_inst/O
                         net (fo=51, routed)          1.634     5.237    u_seg8/CLK_IBUF_BUFG
    SLICE_X42Y92         FDRE                                         r  u_seg8/digit_sel_reg[0]/C
  -------------------------------------------------------------------    -------------------
    SLICE_X42Y92         FDRE (Prop_fdre_C_Q)         0.518     5.755 r  u_seg8/digit_sel_reg[0]/Q
                         net (fo=27, routed)          0.959     6.714    u_seg8/digit_sel_reg[0]_1
    SLICE_X42Y93         LUT6 (Prop_lut6_I4_O)        0.124     6.838 r  u_seg8/seg_OBUF[6]_inst_i_35/O
                         net (fo=1, routed)           0.670     7.508    u_seg8/seg_OBUF[6]_inst_i_35_n_0
    SLICE_X42Y93         LUT4 (Prop_lut4_I3_O)        0.124     7.632 r  u_seg8/seg_OBUF[6]_inst_i_11/O
                         net (fo=1, routed)           0.955     8.587    u_seg8/seg_OBUF[6]_inst_i_11_n_0
    SLICE_X44Y95         LUT6 (Prop_lut6_I0_O)        0.124     8.711 r  u_seg8/seg_OBUF[6]_inst_i_3/O
                         net (fo=7, routed)           1.325    10.036    ealarm/min_alarm/seg[6]
    SLICE_X41Y93         LUT4 (Prop_lut4_I3_O)        0.124    10.160 r  ealarm/min_alarm/seg_OBUF[5]_inst_i_1/O
                         net (fo=1, routed)           3.476    13.636    seg_OBUF[5]
    T11                  OBUF (Prop_obuf_I_O)         3.561    17.197 r  seg_OBUF[5]_inst/O
                         net (fo=0)                   0.000    17.197    seg[5]
    T11                                                               r  seg[5] (OUT)
  -------------------------------------------------------------------    -------------------

Slack:                    inf
  Source:                 u_seg8/digit_sel_reg[0]/C
                            (rising edge-triggered cell FDRE clocked by sys_clk_pin  {rise@0.000ns fall@5.000ns period=10.000ns})
  Destination:            seg[3]
                            (output port)
  Path Group:             (none)
  Path Type:              Max at Slow Process Corner
  Data Path Delay:        11.846ns  (logic 4.794ns (40.472%)  route 7.052ns (59.528%))
  Logic Levels:           5  (LUT4=2 LUT6=2 OBUF=1)
  Clock Uncertainty:      0.025ns  ((TSJ^2 + TIJ^2)^1/2 + DJ) / 2 + PE
    Total System Jitter     (TSJ):    0.050ns
    Total Input Jitter      (TIJ):    0.000ns
    Discrete Jitter          (DJ):    0.000ns
    Phase Error              (PE):    0.000ns

    Location             Delay type                Incr(ns)  Path(ns)    Netlist Resource(s)
  -------------------------------------------------------------------    -------------------
                         (clock sys_clk_pin rise edge)
                                                      0.000     0.000 r  
    E3                                                0.000     0.000 r  CLK (IN)
                         net (fo=0)                   0.000     0.000    CLK
    E3                   IBUF (Prop_ibuf_I_O)         1.482     1.482 r  CLK_IBUF_inst/O
                         net (fo=1, routed)           2.025     3.506    CLK_IBUF
    BUFGCTRL_X0Y16       BUFG (Prop_bufg_I_O)         0.096     3.602 r  CLK_IBUF_BUFG_inst/O
                         net (fo=51, routed)          1.634     5.237    u_seg8/CLK_IBUF_BUFG
    SLICE_X42Y92         FDRE                                         r  u_seg8/digit_sel_reg[0]/C
  -------------------------------------------------------------------    -------------------
    SLICE_X42Y92         FDRE (Prop_fdre_C_Q)         0.518     5.755 r  u_seg8/digit_sel_reg[0]/Q
                         net (fo=27, routed)          0.959     6.714    u_seg8/digit_sel_reg[0]_1
    SLICE_X42Y93         LUT6 (Prop_lut6_I4_O)        0.124     6.838 r  u_seg8/seg_OBUF[6]_inst_i_35/O
                         net (fo=1, routed)           0.670     7.508    u_seg8/seg_OBUF[6]_inst_i_35_n_0
    SLICE_X42Y93         LUT4 (Prop_lut4_I3_O)        0.124     7.632 r  u_seg8/seg_OBUF[6]_inst_i_11/O
                         net (fo=1, routed)           0.955     8.587    u_seg8/seg_OBUF[6]_inst_i_11_n_0
    SLICE_X44Y95         LUT6 (Prop_lut6_I0_O)        0.124     8.711 r  u_seg8/seg_OBUF[6]_inst_i_3/O
                         net (fo=7, routed)           1.323    10.034    ealarm/min_alarm/seg[6]
    SLICE_X41Y93         LUT4 (Prop_lut4_I2_O)        0.152    10.186 r  ealarm/min_alarm/seg_OBUF[3]_inst_i_1/O
                         net (fo=1, routed)           3.144    13.330    seg_OBUF[3]
    K13                  OBUF (Prop_obuf_I_O)         3.752    17.083 r  seg_OBUF[3]_inst/O
                         net (fo=0)                   0.000    17.083    seg[3]
    K13                                                               r  seg[3] (OUT)
  -------------------------------------------------------------------    -------------------

Slack:                    inf
  Source:                 u_seg8/digit_sel_reg[0]/C
                            (rising edge-triggered cell FDRE clocked by sys_clk_pin  {rise@0.000ns fall@5.000ns period=10.000ns})
  Destination:            seg[0]
                            (output port)
  Path Group:             (none)
  Path Type:              Max at Slow Process Corner
  Data Path Delay:        11.834ns  (logic 4.591ns (38.795%)  route 7.243ns (61.205%))
  Logic Levels:           5  (LUT4=2 LUT6=2 OBUF=1)
  Clock Uncertainty:      0.025ns  ((TSJ^2 + TIJ^2)^1/2 + DJ) / 2 + PE
    Total System Jitter     (TSJ):    0.050ns
    Total Input Jitter      (TIJ):    0.000ns
    Discrete Jitter          (DJ):    0.000ns
    Phase Error              (PE):    0.000ns

    Location             Delay type                Incr(ns)  Path(ns)    Netlist Resource(s)
  -------------------------------------------------------------------    -------------------
                         (clock sys_clk_pin rise edge)
                                                      0.000     0.000 r  
    E3                                                0.000     0.000 r  CLK (IN)
                         net (fo=0)                   0.000     0.000    CLK
    E3                   IBUF (Prop_ibuf_I_O)         1.482     1.482 r  CLK_IBUF_inst/O
                         net (fo=1, routed)           2.025     3.506    CLK_IBUF
    BUFGCTRL_X0Y16       BUFG (Prop_bufg_I_O)         0.096     3.602 r  CLK_IBUF_BUFG_inst/O
                         net (fo=51, routed)          1.634     5.237    u_seg8/CLK_IBUF_BUFG
    SLICE_X42Y92         FDRE                                         r  u_seg8/digit_sel_reg[0]/C
  -------------------------------------------------------------------    -------------------
    SLICE_X42Y92         FDRE (Prop_fdre_C_Q)         0.518     5.755 r  u_seg8/digit_sel_reg[0]/Q
                         net (fo=27, routed)          0.959     6.714    u_seg8/digit_sel_reg[0]_1
    SLICE_X42Y93         LUT6 (Prop_lut6_I4_O)        0.124     6.838 r  u_seg8/seg_OBUF[6]_inst_i_35/O
                         net (fo=1, routed)           0.670     7.508    u_seg8/seg_OBUF[6]_inst_i_35_n_0
    SLICE_X42Y93         LUT4 (Prop_lut4_I3_O)        0.124     7.632 r  u_seg8/seg_OBUF[6]_inst_i_11/O
                         net (fo=1, routed)           0.955     8.587    u_seg8/seg_OBUF[6]_inst_i_11_n_0
    SLICE_X44Y95         LUT6 (Prop_lut6_I0_O)        0.124     8.711 r  u_seg8/seg_OBUF[6]_inst_i_3/O
                         net (fo=7, routed)           0.887     9.598    u_seg8/digit_sel_reg[2]_0
    SLICE_X41Y93         LUT4 (Prop_lut4_I2_O)        0.124     9.722 r  u_seg8/seg_OBUF[0]_inst_i_1/O
                         net (fo=1, routed)           3.772    13.494    seg_OBUF[0]
    T10                  OBUF (Prop_obuf_I_O)         3.577    17.071 r  seg_OBUF[0]_inst/O
                         net (fo=0)                   0.000    17.071    seg[0]
    T10                                                               r  seg[0] (OUT)
  -------------------------------------------------------------------    -------------------

Slack:                    inf
  Source:                 u_seg8/digit_sel_reg[0]/C
                            (rising edge-triggered cell FDRE clocked by sys_clk_pin  {rise@0.000ns fall@5.000ns period=10.000ns})
  Destination:            seg[4]
                            (output port)
  Path Group:             (none)
  Path Type:              Max at Slow Process Corner
  Data Path Delay:        11.663ns  (logic 4.548ns (38.992%)  route 7.115ns (61.008%))
  Logic Levels:           5  (LUT4=2 LUT6=2 OBUF=1)
  Clock Uncertainty:      0.025ns  ((TSJ^2 + TIJ^2)^1/2 + DJ) / 2 + PE
    Total System Jitter     (TSJ):    0.050ns
    Total Input Jitter      (TIJ):    0.000ns
    Discrete Jitter          (DJ):    0.000ns
    Phase Error              (PE):    0.000ns

    Location             Delay type                Incr(ns)  Path(ns)    Netlist Resource(s)
  -------------------------------------------------------------------    -------------------
                         (clock sys_clk_pin rise edge)
                                                      0.000     0.000 r  
    E3                                                0.000     0.000 r  CLK (IN)
                         net (fo=0)                   0.000     0.000    CLK
    E3                   IBUF (Prop_ibuf_I_O)         1.482     1.482 r  CLK_IBUF_inst/O
                         net (fo=1, routed)           2.025     3.506    CLK_IBUF
    BUFGCTRL_X0Y16       BUFG (Prop_bufg_I_O)         0.096     3.602 r  CLK_IBUF_BUFG_inst/O
                         net (fo=51, routed)          1.634     5.237    u_seg8/CLK_IBUF_BUFG
    SLICE_X42Y92         FDRE                                         r  u_seg8/digit_sel_reg[0]/C
  -------------------------------------------------------------------    -------------------
    SLICE_X42Y92         FDRE (Prop_fdre_C_Q)         0.518     5.755 r  u_seg8/digit_sel_reg[0]/Q
                         net (fo=27, routed)          0.959     6.714    u_seg8/digit_sel_reg[0]_1
    SLICE_X42Y93         LUT6 (Prop_lut6_I4_O)        0.124     6.838 r  u_seg8/seg_OBUF[6]_inst_i_35/O
                         net (fo=1, routed)           0.670     7.508    u_seg8/seg_OBUF[6]_inst_i_35_n_0
    SLICE_X42Y93         LUT4 (Prop_lut4_I3_O)        0.124     7.632 r  u_seg8/seg_OBUF[6]_inst_i_11/O
                         net (fo=1, routed)           0.955     8.587    u_seg8/seg_OBUF[6]_inst_i_11_n_0
    SLICE_X44Y95         LUT6 (Prop_lut6_I0_O)        0.124     8.711 r  u_seg8/seg_OBUF[6]_inst_i_3/O
                         net (fo=7, routed)           1.323    10.034    ealarm/min_alarm/seg[6]
    SLICE_X41Y93         LUT4 (Prop_lut4_I3_O)        0.124    10.158 r  ealarm/min_alarm/seg_OBUF[4]_inst_i_1/O
                         net (fo=1, routed)           3.208    13.366    seg_OBUF[4]
    P15                  OBUF (Prop_obuf_I_O)         3.534    16.899 r  seg_OBUF[4]_inst/O
                         net (fo=0)                   0.000    16.899    seg[4]
    P15                                                               r  seg[4] (OUT)
  -------------------------------------------------------------------    -------------------

Slack:                    inf
  Source:                 u_seg8/digit_sel_reg[0]/C
                            (rising edge-triggered cell FDRE clocked by sys_clk_pin  {rise@0.000ns fall@5.000ns period=10.000ns})
  Destination:            seg[6]
                            (output port)
  Path Group:             (none)
  Path Type:              Max at Slow Process Corner
  Data Path Delay:        11.429ns  (logic 4.787ns (41.888%)  route 6.641ns (58.112%))
  Logic Levels:           5  (LUT4=2 LUT6=2 OBUF=1)
  Clock Uncertainty:      0.025ns  ((TSJ^2 + TIJ^2)^1/2 + DJ) / 2 + PE
    Total System Jitter     (TSJ):    0.050ns
    Total Input Jitter      (TIJ):    0.000ns
    Discrete Jitter          (DJ):    0.000ns
    Phase Error              (PE):    0.000ns

    Location             Delay type                Incr(ns)  Path(ns)    Netlist Resource(s)
  -------------------------------------------------------------------    -------------------
                         (clock sys_clk_pin rise edge)
                                                      0.000     0.000 r  
    E3                                                0.000     0.000 r  CLK (IN)
                         net (fo=0)                   0.000     0.000    CLK
    E3                   IBUF (Prop_ibuf_I_O)         1.482     1.482 r  CLK_IBUF_inst/O
                         net (fo=1, routed)           2.025     3.506    CLK_IBUF
    BUFGCTRL_X0Y16       BUFG (Prop_bufg_I_O)         0.096     3.602 r  CLK_IBUF_BUFG_inst/O
                         net (fo=51, routed)          1.634     5.237    u_seg8/CLK_IBUF_BUFG
    SLICE_X42Y92         FDRE                                         r  u_seg8/digit_sel_reg[0]/C
  -------------------------------------------------------------------    -------------------
    SLICE_X42Y92         FDRE (Prop_fdre_C_Q)         0.518     5.755 r  u_seg8/digit_sel_reg[0]/Q
                         net (fo=27, routed)          0.959     6.714    u_seg8/digit_sel_reg[0]_1
    SLICE_X42Y93         LUT6 (Prop_lut6_I4_O)        0.124     6.838 r  u_seg8/seg_OBUF[6]_inst_i_35/O
                         net (fo=1, routed)           0.670     7.508    u_seg8/seg_OBUF[6]_inst_i_35_n_0
    SLICE_X42Y93         LUT4 (Prop_lut4_I3_O)        0.124     7.632 r  u_seg8/seg_OBUF[6]_inst_i_11/O
                         net (fo=1, routed)           0.955     8.587    u_seg8/seg_OBUF[6]_inst_i_11_n_0
    SLICE_X44Y95         LUT6 (Prop_lut6_I0_O)        0.124     8.711 r  u_seg8/seg_OBUF[6]_inst_i_3/O
                         net (fo=7, routed)           1.325    10.036    ealarm/min_alarm/seg[6]
    SLICE_X41Y93         LUT4 (Prop_lut4_I1_O)        0.152    10.188 r  ealarm/min_alarm/seg_OBUF[6]_inst_i_1/O
                         net (fo=1, routed)           2.732    12.920    seg_OBUF[6]
    L18                  OBUF (Prop_obuf_I_O)         3.745    16.665 r  seg_OBUF[6]_inst/O
                         net (fo=0)                   0.000    16.665    seg[6]
    L18                                                               r  seg[6] (OUT)
  -------------------------------------------------------------------    -------------------

Slack:                    inf
  Source:                 u_seg8/digit_sel_reg[0]/C
                            (rising edge-triggered cell FDRE clocked by sys_clk_pin  {rise@0.000ns fall@5.000ns period=10.000ns})
  Destination:            seg[2]
                            (output port)
  Path Group:             (none)
  Path Type:              Max at Slow Process Corner
  Data Path Delay:        10.482ns  (logic 4.383ns (41.815%)  route 6.099ns (58.185%))
  Logic Levels:           4  (LUT3=1 LUT6=2 OBUF=1)
  Clock Uncertainty:      0.025ns  ((TSJ^2 + TIJ^2)^1/2 + DJ) / 2 + PE
    Total System Jitter     (TSJ):    0.050ns
    Total Input Jitter      (TIJ):    0.000ns
    Discrete Jitter          (DJ):    0.000ns
    Phase Error              (PE):    0.000ns

    Location             Delay type                Incr(ns)  Path(ns)    Netlist Resource(s)
  -------------------------------------------------------------------    -------------------
                         (clock sys_clk_pin rise edge)
                                                      0.000     0.000 r  
    E3                                                0.000     0.000 r  CLK (IN)
                         net (fo=0)                   0.000     0.000    CLK
    E3                   IBUF (Prop_ibuf_I_O)         1.482     1.482 r  CLK_IBUF_inst/O
                         net (fo=1, routed)           2.025     3.506    CLK_IBUF
    BUFGCTRL_X0Y16       BUFG (Prop_bufg_I_O)         0.096     3.602 r  CLK_IBUF_BUFG_inst/O
                         net (fo=51, routed)          1.634     5.237    u_seg8/CLK_IBUF_BUFG
    SLICE_X42Y92         FDRE                                         r  u_seg8/digit_sel_reg[0]/C
  -------------------------------------------------------------------    -------------------
    SLICE_X42Y92         FDRE (Prop_fdre_C_Q)         0.518     5.755 f  u_seg8/digit_sel_reg[0]/Q
                         net (fo=27, routed)          1.495     7.250    ealarm/min_alarm/seg_OBUF[6]_inst_i_2_1
    SLICE_X42Y94         LUT6 (Prop_lut6_I5_O)        0.124     7.374 r  ealarm/min_alarm/seg_OBUF[6]_inst_i_19/O
                         net (fo=1, routed)           0.956     8.330    ealarm/min_alarm/seg_OBUF[6]_inst_i_19_n_0
    SLICE_X44Y94         LUT6 (Prop_lut6_I4_O)        0.124     8.454 r  ealarm/min_alarm/seg_OBUF[6]_inst_i_4/O
                         net (fo=7, routed)           0.830     9.284    ealarm/min_alarm/digit_sel_reg[2]
    SLICE_X41Y94         LUT3 (Prop_lut3_I0_O)        0.124     9.408 r  ealarm/min_alarm/seg_OBUF[2]_inst_i_1/O
                         net (fo=1, routed)           2.818    12.226    seg_OBUF[2]
    K16                  OBUF (Prop_obuf_I_O)         3.493    15.719 r  seg_OBUF[2]_inst/O
                         net (fo=0)                   0.000    15.719    seg[2]
    K16                                                               r  seg[2] (OUT)
  -------------------------------------------------------------------    -------------------

Slack:                    inf
  Source:                 u_seg8/digit_sel_reg[1]/C
                            (rising edge-triggered cell FDRE clocked by sys_clk_pin  {rise@0.000ns fall@5.000ns period=10.000ns})
  Destination:            an[0]
                            (output port)
  Path Group:             (none)
  Path Type:              Max at Slow Process Corner
  Data Path Delay:        9.489ns  (logic 4.447ns (46.869%)  route 5.042ns (53.131%))
  Logic Levels:           2  (LUT3=1 OBUF=1)
  Clock Uncertainty:      0.025ns  ((TSJ^2 + TIJ^2)^1/2 + DJ) / 2 + PE
    Total System Jitter     (TSJ):    0.050ns
    Total Input Jitter      (TIJ):    0.000ns
    Discrete Jitter          (DJ):    0.000ns
    Phase Error              (PE):    0.000ns

    Location             Delay type                Incr(ns)  Path(ns)    Netlist Resource(s)
  -------------------------------------------------------------------    -------------------
                         (clock sys_clk_pin rise edge)
                                                      0.000     0.000 r  
    E3                                                0.000     0.000 r  CLK (IN)
                         net (fo=0)                   0.000     0.000    CLK
    E3                   IBUF (Prop_ibuf_I_O)         1.482     1.482 r  CLK_IBUF_inst/O
                         net (fo=1, routed)           2.025     3.506    CLK_IBUF
    BUFGCTRL_X0Y16       BUFG (Prop_bufg_I_O)         0.096     3.602 r  CLK_IBUF_BUFG_inst/O
                         net (fo=51, routed)          1.635     5.238    u_seg8/CLK_IBUF_BUFG
    SLICE_X42Y93         FDRE                                         r  u_seg8/digit_sel_reg[1]/C
  -------------------------------------------------------------------    -------------------
    SLICE_X42Y93         FDRE (Prop_fdre_C_Q)         0.518     5.756 r  u_seg8/digit_sel_reg[1]/Q
                         net (fo=23, routed)          1.137     6.893    u_seg8/digit_sel_reg[1]_0
    SLICE_X42Y92         LUT3 (Prop_lut3_I1_O)        0.152     7.045 r  u_seg8/an_OBUF[0]_inst_i_1/O
                         net (fo=1, routed)           3.904    10.949    an_OBUF[0]
    U13                  OBUF (Prop_obuf_I_O)         3.777    14.727 r  an_OBUF[0]_inst/O
                         net (fo=0)                   0.000    14.727    an[0]
    U13                                                               r  an[0] (OUT)
  -------------------------------------------------------------------    -------------------

Slack:                    inf
  Source:                 u_seg8/digit_sel_reg[2]/C
                            (rising edge-triggered cell FDRE clocked by sys_clk_pin  {rise@0.000ns fall@5.000ns period=10.000ns})
  Destination:            an[5]
                            (output port)
  Path Group:             (none)
  Path Type:              Max at Slow Process Corner
  Data Path Delay:        9.404ns  (logic 4.577ns (48.677%)  route 4.826ns (51.323%))
  Logic Levels:           2  (LUT3=1 OBUF=1)
  Clock Uncertainty:      0.025ns  ((TSJ^2 + TIJ^2)^1/2 + DJ) / 2 + PE
    Total System Jitter     (TSJ):    0.050ns
    Total Input Jitter      (TIJ):    0.000ns
    Discrete Jitter          (DJ):    0.000ns
    Phase Error              (PE):    0.000ns

    Location             Delay type                Incr(ns)  Path(ns)    Netlist Resource(s)
  -------------------------------------------------------------------    -------------------
                         (clock sys_clk_pin rise edge)
                                                      0.000     0.000 r  
    E3                                                0.000     0.000 r  CLK (IN)
                         net (fo=0)                   0.000     0.000    CLK
    E3                   IBUF (Prop_ibuf_I_O)         1.482     1.482 r  CLK_IBUF_inst/O
                         net (fo=1, routed)           2.025     3.506    CLK_IBUF
    BUFGCTRL_X0Y16       BUFG (Prop_bufg_I_O)         0.096     3.602 r  CLK_IBUF_BUFG_inst/O
                         net (fo=51, routed)          1.635     5.238    u_seg8/CLK_IBUF_BUFG
    SLICE_X42Y93         FDRE                                         r  u_seg8/digit_sel_reg[2]/C
  -------------------------------------------------------------------    -------------------
    SLICE_X42Y93         FDRE (Prop_fdre_C_Q)         0.478     5.716 f  u_seg8/digit_sel_reg[2]/Q
                         net (fo=13, routed)          0.913     6.629    u_seg8/digit_sel_reg[2]_1
    SLICE_X42Y92         LUT3 (Prop_lut3_I0_O)        0.321     6.950 r  u_seg8/an_OBUF[5]_inst_i_1/O
                         net (fo=1, routed)           3.913    10.863    an_OBUF[5]
    T9                   OBUF (Prop_obuf_I_O)         3.778    14.641 r  an_OBUF[5]_inst/O
                         net (fo=0)                   0.000    14.641    an[5]
    T9                                                                r  an[5] (OUT)
  -------------------------------------------------------------------    -------------------

Slack:                    inf
  Source:                 u_seg8/digit_sel_reg[2]/C
                            (rising edge-triggered cell FDRE clocked by sys_clk_pin  {rise@0.000ns fall@5.000ns period=10.000ns})
  Destination:            an[1]
                            (output port)
  Path Group:             (none)
  Path Type:              Max at Slow Process Corner
  Data Path Delay:        8.656ns  (logic 4.291ns (49.564%)  route 4.366ns (50.436%))
  Logic Levels:           2  (LUT3=1 OBUF=1)
  Clock Uncertainty:      0.025ns  ((TSJ^2 + TIJ^2)^1/2 + DJ) / 2 + PE
    Total System Jitter     (TSJ):    0.050ns
    Total Input Jitter      (TIJ):    0.000ns
    Discrete Jitter          (DJ):    0.000ns
    Phase Error              (PE):    0.000ns

    Location             Delay type                Incr(ns)  Path(ns)    Netlist Resource(s)
  -------------------------------------------------------------------    -------------------
                         (clock sys_clk_pin rise edge)
                                                      0.000     0.000 r  
    E3                                                0.000     0.000 r  CLK (IN)
                         net (fo=0)                   0.000     0.000    CLK
    E3                   IBUF (Prop_ibuf_I_O)         1.482     1.482 r  CLK_IBUF_inst/O
                         net (fo=1, routed)           2.025     3.506    CLK_IBUF
    BUFGCTRL_X0Y16       BUFG (Prop_bufg_I_O)         0.096     3.602 r  CLK_IBUF_BUFG_inst/O
                         net (fo=51, routed)          1.635     5.238    u_seg8/CLK_IBUF_BUFG
    SLICE_X42Y93         FDRE                                         r  u_seg8/digit_sel_reg[2]/C
  -------------------------------------------------------------------    -------------------
    SLICE_X42Y93         FDRE (Prop_fdre_C_Q)         0.478     5.716 r  u_seg8/digit_sel_reg[2]/Q
                         net (fo=13, routed)          0.913     6.629    u_seg8/digit_sel_reg[2]_1
    SLICE_X42Y92         LUT3 (Prop_lut3_I0_O)        0.295     6.924 r  u_seg8/an_OBUF[1]_inst_i_1/O
                         net (fo=1, routed)           3.453    10.377    an_OBUF[1]
    K2                   OBUF (Prop_obuf_I_O)         3.518    13.894 r  an_OBUF[1]_inst/O
                         net (fo=0)                   0.000    13.894    an[1]
    K2                                                                r  an[1] (OUT)
  -------------------------------------------------------------------    -------------------





Min Delay Paths
--------------------------------------------------------------------------------------
Slack:                    inf
  Source:                 divider/CLK_1Hz_Out_reg/C
                            (rising edge-triggered cell FDCE clocked by sys_clk_pin  {rise@0.000ns fall@5.000ns period=10.000ns})
  Destination:            LED[0]
                            (output port)
  Path Group:             (none)
  Path Type:              Min at Fast Process Corner
  Data Path Delay:        2.353ns  (logic 1.388ns (59.000%)  route 0.965ns (41.000%))
  Logic Levels:           2  (BUFG=1 OBUF=1)
  Clock Uncertainty:      0.025ns  ((TSJ^2 + TIJ^2)^1/2 + DJ) / 2 + PE
    Total System Jitter     (TSJ):    0.050ns
    Total Input Jitter      (TIJ):    0.000ns
    Discrete Jitter          (DJ):    0.000ns
    Phase Error              (PE):    0.000ns

    Location             Delay type                Incr(ns)  Path(ns)    Netlist Resource(s)
  -------------------------------------------------------------------    -------------------
                         (clock sys_clk_pin rise edge)
                                                      0.000     0.000 r  
    E3                                                0.000     0.000 r  CLK (IN)
                         net (fo=0)                   0.000     0.000    CLK
    E3                   IBUF (Prop_ibuf_I_O)         0.250     0.250 r  CLK_IBUF_inst/O
                         net (fo=1, routed)           0.644     0.894    CLK_IBUF
    BUFGCTRL_X0Y16       BUFG (Prop_bufg_I_O)         0.026     0.920 r  CLK_IBUF_BUFG_inst/O
                         net (fo=51, routed)          0.565     1.484    divider/CLK_IBUF_BUFG
    SLICE_X51Y95         FDCE                                         r  divider/CLK_1Hz_Out_reg/C
  -------------------------------------------------------------------    -------------------
    SLICE_X51Y95         FDCE (Prop_fdce_C_Q)         0.141     1.625 r  divider/CLK_1Hz_Out_reg/Q
                         net (fo=2, routed)           0.214     1.840    LED_OBUF[0]
    BUFGCTRL_X0Y0        BUFG (Prop_bufg_I_O)         0.026     1.866 r  LED_OBUF_BUFG[0]_inst/O
                         net (fo=39, routed)          0.750     2.616    LED_OBUF_BUFG[0]
    H17                  OBUF (Prop_obuf_I_O)         1.221     3.837 r  LED_OBUF[0]_inst/O
                         net (fo=0)                   0.000     3.837    LED[0]
    H17                                                               r  LED[0] (OUT)
  -------------------------------------------------------------------    -------------------

Slack:                    inf
  Source:                 u_seg8/digit_sel_reg[1]/C
                            (rising edge-triggered cell FDRE clocked by sys_clk_pin  {rise@0.000ns fall@5.000ns period=10.000ns})
  Destination:            an[7]
                            (output port)
  Path Group:             (none)
  Path Type:              Min at Fast Process Corner
  Data Path Delay:        2.619ns  (logic 1.516ns (57.893%)  route 1.103ns (42.107%))
  Logic Levels:           2  (LUT3=1 OBUF=1)
  Clock Uncertainty:      0.025ns  ((TSJ^2 + TIJ^2)^1/2 + DJ) / 2 + PE
    Total System Jitter     (TSJ):    0.050ns
    Total Input Jitter      (TIJ):    0.000ns
    Discrete Jitter          (DJ):    0.000ns
    Phase Error              (PE):    0.000ns

    Location             Delay type                Incr(ns)  Path(ns)    Netlist Resource(s)
  -------------------------------------------------------------------    -------------------
                         (clock sys_clk_pin rise edge)
                                                      0.000     0.000 r  
    E3                                                0.000     0.000 r  CLK (IN)
                         net (fo=0)                   0.000     0.000    CLK
    E3                   IBUF (Prop_ibuf_I_O)         0.250     0.250 r  CLK_IBUF_inst/O
                         net (fo=1, routed)           0.644     0.894    CLK_IBUF
    BUFGCTRL_X0Y16       BUFG (Prop_bufg_I_O)         0.026     0.920 r  CLK_IBUF_BUFG_inst/O
                         net (fo=51, routed)          0.568     1.487    u_seg8/CLK_IBUF_BUFG
    SLICE_X42Y93         FDRE                                         r  u_seg8/digit_sel_reg[1]/C
  -------------------------------------------------------------------    -------------------
    SLICE_X42Y93         FDRE (Prop_fdre_C_Q)         0.164     1.651 f  u_seg8/digit_sel_reg[1]/Q
                         net (fo=23, routed)          0.212     1.863    u_seg8/digit_sel_reg[1]_0
    SLICE_X42Y93         LUT3 (Prop_lut3_I1_O)        0.043     1.906 r  u_seg8/an_OBUF[7]_inst_i_1/O
                         net (fo=1, routed)           0.891     2.797    an_OBUF[7]
    J17                  OBUF (Prop_obuf_I_O)         1.309     4.107 r  an_OBUF[7]_inst/O
                         net (fo=0)                   0.000     4.107    an[7]
    J17                                                               r  an[7] (OUT)
  -------------------------------------------------------------------    -------------------

Slack:                    inf
  Source:                 u_seg8/digit_sel_reg[2]/C
                            (rising edge-triggered cell FDRE clocked by sys_clk_pin  {rise@0.000ns fall@5.000ns period=10.000ns})
  Destination:            an[3]
                            (output port)
  Path Group:             (none)
  Path Type:              Min at Fast Process Corner
  Data Path Delay:        2.643ns  (logic 1.497ns (56.628%)  route 1.146ns (43.372%))
  Logic Levels:           2  (LUT3=1 OBUF=1)
  Clock Uncertainty:      0.025ns  ((TSJ^2 + TIJ^2)^1/2 + DJ) / 2 + PE
    Total System Jitter     (TSJ):    0.050ns
    Total Input Jitter      (TIJ):    0.000ns
    Discrete Jitter          (DJ):    0.000ns
    Phase Error              (PE):    0.000ns

    Location             Delay type                Incr(ns)  Path(ns)    Netlist Resource(s)
  -------------------------------------------------------------------    -------------------
                         (clock sys_clk_pin rise edge)
                                                      0.000     0.000 r  
    E3                                                0.000     0.000 r  CLK (IN)
                         net (fo=0)                   0.000     0.000    CLK
    E3                   IBUF (Prop_ibuf_I_O)         0.250     0.250 r  CLK_IBUF_inst/O
                         net (fo=1, routed)           0.644     0.894    CLK_IBUF
    BUFGCTRL_X0Y16       BUFG (Prop_bufg_I_O)         0.026     0.920 r  CLK_IBUF_BUFG_inst/O
                         net (fo=51, routed)          0.568     1.487    u_seg8/CLK_IBUF_BUFG
    SLICE_X42Y93         FDRE                                         r  u_seg8/digit_sel_reg[2]/C
  -------------------------------------------------------------------    -------------------
    SLICE_X42Y93         FDRE (Prop_fdre_C_Q)         0.148     1.635 r  u_seg8/digit_sel_reg[2]/Q
                         net (fo=13, routed)          0.294     1.929    u_seg8/digit_sel_reg[2]_1
    SLICE_X40Y93         LUT3 (Prop_lut3_I0_O)        0.098     2.027 r  u_seg8/an_OBUF[3]_inst_i_1/O
                         net (fo=1, routed)           0.853     2.880    an_OBUF[3]
    P14                  OBUF (Prop_obuf_I_O)         1.251     4.130 r  an_OBUF[3]_inst/O
                         net (fo=0)                   0.000     4.130    an[3]
    P14                                                               r  an[3] (OUT)
  -------------------------------------------------------------------    -------------------

Slack:                    inf
  Source:                 u_seg8/digit_sel_reg[2]/C
                            (rising edge-triggered cell FDRE clocked by sys_clk_pin  {rise@0.000ns fall@5.000ns period=10.000ns})
  Destination:            seg[2]
                            (output port)
  Path Group:             (none)
  Path Type:              Min at Fast Process Corner
  Data Path Delay:        2.741ns  (logic 1.485ns (54.188%)  route 1.256ns (45.812%))
  Logic Levels:           3  (LUT3=1 LUT6=1 OBUF=1)
  Clock Uncertainty:      0.025ns  ((TSJ^2 + TIJ^2)^1/2 + DJ) / 2 + PE
    Total System Jitter     (TSJ):    0.050ns
    Total Input Jitter      (TIJ):    0.000ns
    Discrete Jitter          (DJ):    0.000ns
    Phase Error              (PE):    0.000ns

    Location             Delay type                Incr(ns)  Path(ns)    Netlist Resource(s)
  -------------------------------------------------------------------    -------------------
                         (clock sys_clk_pin rise edge)
                                                      0.000     0.000 r  
    E3                                                0.000     0.000 r  CLK (IN)
                         net (fo=0)                   0.000     0.000    CLK
    E3                   IBUF (Prop_ibuf_I_O)         0.250     0.250 r  CLK_IBUF_inst/O
                         net (fo=1, routed)           0.644     0.894    CLK_IBUF
    BUFGCTRL_X0Y16       BUFG (Prop_bufg_I_O)         0.026     0.920 r  CLK_IBUF_BUFG_inst/O
                         net (fo=51, routed)          0.568     1.487    u_seg8/CLK_IBUF_BUFG
    SLICE_X42Y93         FDRE                                         r  u_seg8/digit_sel_reg[2]/C
  -------------------------------------------------------------------    -------------------
    SLICE_X42Y93         FDRE (Prop_fdre_C_Q)         0.148     1.635 r  u_seg8/digit_sel_reg[2]/Q
                         net (fo=13, routed)          0.170     1.806    ealarm/min_alarm/seg_OBUF[0]_inst_i_1_0
    SLICE_X43Y94         LUT6 (Prop_lut6_I2_O)        0.098     1.904 f  ealarm/min_alarm/seg_OBUF[6]_inst_i_2/O
                         net (fo=7, routed)           0.237     2.141    ealarm/min_alarm/digit_sel_reg[2]_0
    SLICE_X41Y94         LUT3 (Prop_lut3_I2_O)        0.045     2.186 r  ealarm/min_alarm/seg_OBUF[2]_inst_i_1/O
                         net (fo=1, routed)           0.848     3.034    seg_OBUF[2]
    K16                  OBUF (Prop_obuf_I_O)         1.194     4.228 r  seg_OBUF[2]_inst/O
                         net (fo=0)                   0.000     4.228    seg[2]
    K16                                                               r  seg[2] (OUT)
  -------------------------------------------------------------------    -------------------

Slack:                    inf
  Source:                 u_seg8/digit_sel_reg[0]/C
                            (rising edge-triggered cell FDRE clocked by sys_clk_pin  {rise@0.000ns fall@5.000ns period=10.000ns})
  Destination:            an[6]
                            (output port)
  Path Group:             (none)
  Path Type:              Min at Fast Process Corner
  Data Path Delay:        2.769ns  (logic 1.506ns (54.405%)  route 1.262ns (45.595%))
  Logic Levels:           2  (LUT3=1 OBUF=1)
  Clock Uncertainty:      0.025ns  ((TSJ^2 + TIJ^2)^1/2 + DJ) / 2 + PE
    Total System Jitter     (TSJ):    0.050ns
    Total Input Jitter      (TIJ):    0.000ns
    Discrete Jitter          (DJ):    0.000ns
    Phase Error              (PE):    0.000ns

    Location             Delay type                Incr(ns)  Path(ns)    Netlist Resource(s)
  -------------------------------------------------------------------    -------------------
                         (clock sys_clk_pin rise edge)
                                                      0.000     0.000 r  
    E3                                                0.000     0.000 r  CLK (IN)
                         net (fo=0)                   0.000     0.000    CLK
    E3                   IBUF (Prop_ibuf_I_O)         0.250     0.250 r  CLK_IBUF_inst/O
                         net (fo=1, routed)           0.644     0.894    CLK_IBUF
    BUFGCTRL_X0Y16       BUFG (Prop_bufg_I_O)         0.026     0.920 r  CLK_IBUF_BUFG_inst/O
                         net (fo=51, routed)          0.567     1.486    u_seg8/CLK_IBUF_BUFG
    SLICE_X42Y92         FDRE                                         r  u_seg8/digit_sel_reg[0]/C
  -------------------------------------------------------------------    -------------------
    SLICE_X42Y92         FDRE (Prop_fdre_C_Q)         0.164     1.650 r  u_seg8/digit_sel_reg[0]/Q
                         net (fo=27, routed)          0.337     1.987    u_seg8/digit_sel_reg[0]_1
    SLICE_X40Y92         LUT3 (Prop_lut3_I1_O)        0.044     2.031 r  u_seg8/an_OBUF[6]_inst_i_1/O
                         net (fo=1, routed)           0.925     2.957    an_OBUF[6]
    J18                  OBUF (Prop_obuf_I_O)         1.298     4.255 r  an_OBUF[6]_inst/O
                         net (fo=0)                   0.000     4.255    an[6]
    J18                                                               r  an[6] (OUT)
  -------------------------------------------------------------------    -------------------

Slack:                    inf
  Source:                 u_seg8/digit_sel_reg[2]/C
                            (rising edge-triggered cell FDRE clocked by sys_clk_pin  {rise@0.000ns fall@5.000ns period=10.000ns})
  Destination:            an[4]
                            (output port)
  Path Group:             (none)
  Path Type:              Min at Fast Process Corner
  Data Path Delay:        2.812ns  (logic 1.563ns (55.570%)  route 1.249ns (44.430%))
  Logic Levels:           2  (LUT3=1 OBUF=1)
  Clock Uncertainty:      0.025ns  ((TSJ^2 + TIJ^2)^1/2 + DJ) / 2 + PE
    Total System Jitter     (TSJ):    0.050ns
    Total Input Jitter      (TIJ):    0.000ns
    Discrete Jitter          (DJ):    0.000ns
    Phase Error              (PE):    0.000ns

    Location             Delay type                Incr(ns)  Path(ns)    Netlist Resource(s)
  -------------------------------------------------------------------    -------------------
                         (clock sys_clk_pin rise edge)
                                                      0.000     0.000 r  
    E3                                                0.000     0.000 r  CLK (IN)
                         net (fo=0)                   0.000     0.000    CLK
    E3                   IBUF (Prop_ibuf_I_O)         0.250     0.250 r  CLK_IBUF_inst/O
                         net (fo=1, routed)           0.644     0.894    CLK_IBUF
    BUFGCTRL_X0Y16       BUFG (Prop_bufg_I_O)         0.026     0.920 r  CLK_IBUF_BUFG_inst/O
                         net (fo=51, routed)          0.568     1.487    u_seg8/CLK_IBUF_BUFG
    SLICE_X42Y93         FDRE                                         r  u_seg8/digit_sel_reg[2]/C
  -------------------------------------------------------------------    -------------------
    SLICE_X42Y93         FDRE (Prop_fdre_C_Q)         0.148     1.635 f  u_seg8/digit_sel_reg[2]/Q
                         net (fo=13, routed)          0.294     1.929    u_seg8/digit_sel_reg[2]_1
    SLICE_X40Y93         LUT3 (Prop_lut3_I0_O)        0.095     2.024 r  u_seg8/an_OBUF[4]_inst_i_1/O
                         net (fo=1, routed)           0.956     2.980    an_OBUF[4]
    J14                  OBUF (Prop_obuf_I_O)         1.320     4.300 r  an_OBUF[4]_inst/O
                         net (fo=0)                   0.000     4.300    an[4]
    J14                                                               r  an[4] (OUT)
  -------------------------------------------------------------------    -------------------

Slack:                    inf
  Source:                 u_seg8/digit_sel_reg[1]/C
                            (rising edge-triggered cell FDRE clocked by sys_clk_pin  {rise@0.000ns fall@5.000ns period=10.000ns})
  Destination:            an[1]
                            (output port)
  Path Group:             (none)
  Path Type:              Min at Fast Process Corner
  Data Path Delay:        2.834ns  (logic 1.428ns (50.374%)  route 1.406ns (49.626%))
  Logic Levels:           2  (LUT3=1 OBUF=1)
  Clock Uncertainty:      0.025ns  ((TSJ^2 + TIJ^2)^1/2 + DJ) / 2 + PE
    Total System Jitter     (TSJ):    0.050ns
    Total Input Jitter      (TIJ):    0.000ns
    Discrete Jitter          (DJ):    0.000ns
    Phase Error              (PE):    0.000ns

    Location             Delay type                Incr(ns)  Path(ns)    Netlist Resource(s)
  -------------------------------------------------------------------    -------------------
                         (clock sys_clk_pin rise edge)
                                                      0.000     0.000 r  
    E3                                                0.000     0.000 r  CLK (IN)
                         net (fo=0)                   0.000     0.000    CLK
    E3                   IBUF (Prop_ibuf_I_O)         0.250     0.250 r  CLK_IBUF_inst/O
                         net (fo=1, routed)           0.644     0.894    CLK_IBUF
    BUFGCTRL_X0Y16       BUFG (Prop_bufg_I_O)         0.026     0.920 r  CLK_IBUF_BUFG_inst/O
                         net (fo=51, routed)          0.568     1.487    u_seg8/CLK_IBUF_BUFG
    SLICE_X42Y93         FDRE                                         r  u_seg8/digit_sel_reg[1]/C
  -------------------------------------------------------------------    -------------------
    SLICE_X42Y93         FDRE (Prop_fdre_C_Q)         0.164     1.651 r  u_seg8/digit_sel_reg[1]/Q
                         net (fo=23, routed)          0.189     1.840    u_seg8/digit_sel_reg[1]_0
    SLICE_X42Y92         LUT3 (Prop_lut3_I2_O)        0.045     1.885 r  u_seg8/an_OBUF[1]_inst_i_1/O
                         net (fo=1, routed)           1.218     3.103    an_OBUF[1]
    K2                   OBUF (Prop_obuf_I_O)         1.219     4.321 r  an_OBUF[1]_inst/O
                         net (fo=0)                   0.000     4.321    an[1]
    K2                                                                r  an[1] (OUT)
  -------------------------------------------------------------------    -------------------

Slack:                    inf
  Source:                 u_seg8/digit_sel_reg[0]/C
                            (rising edge-triggered cell FDRE clocked by sys_clk_pin  {rise@0.000ns fall@5.000ns period=10.000ns})
  Destination:            seg[6]
                            (output port)
  Path Group:             (none)
  Path Type:              Min at Fast Process Corner
  Data Path Delay:        2.926ns  (logic 1.559ns (53.288%)  route 1.367ns (46.712%))
  Logic Levels:           3  (LUT4=1 LUT6=1 OBUF=1)
  Clock Uncertainty:      0.025ns  ((TSJ^2 + TIJ^2)^1/2 + DJ) / 2 + PE
    Total System Jitter     (TSJ):    0.050ns
    Total Input Jitter      (TIJ):    0.000ns
    Discrete Jitter          (DJ):    0.000ns
    Phase Error              (PE):    0.000ns

    Location             Delay type                Incr(ns)  Path(ns)    Netlist Resource(s)
  -------------------------------------------------------------------    -------------------
                         (clock sys_clk_pin rise edge)
                                                      0.000     0.000 r  
    E3                                                0.000     0.000 r  CLK (IN)
                         net (fo=0)                   0.000     0.000    CLK
    E3                   IBUF (Prop_ibuf_I_O)         0.250     0.250 r  CLK_IBUF_inst/O
                         net (fo=1, routed)           0.644     0.894    CLK_IBUF
    BUFGCTRL_X0Y16       BUFG (Prop_bufg_I_O)         0.026     0.920 r  CLK_IBUF_BUFG_inst/O
                         net (fo=51, routed)          0.567     1.486    u_seg8/CLK_IBUF_BUFG
    SLICE_X42Y92         FDRE                                         r  u_seg8/digit_sel_reg[0]/C
  -------------------------------------------------------------------    -------------------
    SLICE_X42Y92         FDRE (Prop_fdre_C_Q)         0.164     1.650 r  u_seg8/digit_sel_reg[0]/Q
                         net (fo=27, routed)          0.247     1.897    u_seg8/digit_sel_reg[0]_1
    SLICE_X44Y93         LUT6 (Prop_lut6_I0_O)        0.045     1.942 f  u_seg8/seg_OBUF[6]_inst_i_5/O
                         net (fo=6, routed)           0.260     2.202    ealarm/min_alarm/seg[6]_0
    SLICE_X41Y93         LUT4 (Prop_lut4_I3_O)        0.045     2.247 r  ealarm/min_alarm/seg_OBUF[6]_inst_i_1/O
                         net (fo=1, routed)           0.860     3.107    seg_OBUF[6]
    L18                  OBUF (Prop_obuf_I_O)         1.305     4.412 r  seg_OBUF[6]_inst/O
                         net (fo=0)                   0.000     4.412    seg[6]
    L18                                                               r  seg[6] (OUT)
  -------------------------------------------------------------------    -------------------

Slack:                    inf
  Source:                 u_seg8/digit_sel_reg[0]/C
                            (rising edge-triggered cell FDRE clocked by sys_clk_pin  {rise@0.000ns fall@5.000ns period=10.000ns})
  Destination:            an[2]
                            (output port)
  Path Group:             (none)
  Path Type:              Min at Fast Process Corner
  Data Path Delay:        2.931ns  (logic 1.461ns (49.863%)  route 1.469ns (50.137%))
  Logic Levels:           2  (LUT3=1 OBUF=1)
  Clock Uncertainty:      0.025ns  ((TSJ^2 + TIJ^2)^1/2 + DJ) / 2 + PE
    Total System Jitter     (TSJ):    0.050ns
    Total Input Jitter      (TIJ):    0.000ns
    Discrete Jitter          (DJ):    0.000ns
    Phase Error              (PE):    0.000ns

    Location             Delay type                Incr(ns)  Path(ns)    Netlist Resource(s)
  -------------------------------------------------------------------    -------------------
                         (clock sys_clk_pin rise edge)
                                                      0.000     0.000 r  
    E3                                                0.000     0.000 r  CLK (IN)
                         net (fo=0)                   0.000     0.000    CLK
    E3                   IBUF (Prop_ibuf_I_O)         0.250     0.250 r  CLK_IBUF_inst/O
                         net (fo=1, routed)           0.644     0.894    CLK_IBUF
    BUFGCTRL_X0Y16       BUFG (Prop_bufg_I_O)         0.026     0.920 r  CLK_IBUF_BUFG_inst/O
                         net (fo=51, routed)          0.567     1.486    u_seg8/CLK_IBUF_BUFG
    SLICE_X42Y92         FDRE                                         r  u_seg8/digit_sel_reg[0]/C
  -------------------------------------------------------------------    -------------------
    SLICE_X42Y92         FDRE (Prop_fdre_C_Q)         0.164     1.650 r  u_seg8/digit_sel_reg[0]/Q
                         net (fo=27, routed)          0.337     1.987    u_seg8/digit_sel_reg[0]_1
    SLICE_X40Y92         LUT3 (Prop_lut3_I2_O)        0.045     2.032 r  u_seg8/an_OBUF[2]_inst_i_1/O
                         net (fo=1, routed)           1.132     3.165    an_OBUF[2]
    T14                  OBUF (Prop_obuf_I_O)         1.252     4.417 r  an_OBUF[2]_inst/O
                         net (fo=0)                   0.000     4.417    an[2]
    T14                                                               r  an[2] (OUT)
  -------------------------------------------------------------------    -------------------

Slack:                    inf
  Source:                 u_seg8/digit_sel_reg[2]/C
                            (rising edge-triggered cell FDRE clocked by sys_clk_pin  {rise@0.000ns fall@5.000ns period=10.000ns})
  Destination:            seg[3]
                            (output port)
  Path Group:             (none)
  Path Type:              Min at Fast Process Corner
  Data Path Delay:        3.113ns  (logic 1.605ns (51.556%)  route 1.508ns (48.444%))
  Logic Levels:           3  (LUT4=1 LUT6=1 OBUF=1)
  Clock Uncertainty:      0.025ns  ((TSJ^2 + TIJ^2)^1/2 + DJ) / 2 + PE
    Total System Jitter     (TSJ):    0.050ns
    Total Input Jitter      (TIJ):    0.000ns
    Discrete Jitter          (DJ):    0.000ns
    Phase Error              (PE):    0.000ns

    Location             Delay type                Incr(ns)  Path(ns)    Netlist Resource(s)
  -------------------------------------------------------------------    -------------------
                         (clock sys_clk_pin rise edge)
                                                      0.000     0.000 r  
    E3                                                0.000     0.000 r  CLK (IN)
                         net (fo=0)                   0.000     0.000    CLK
    E3                   IBUF (Prop_ibuf_I_O)         0.250     0.250 r  CLK_IBUF_inst/O
                         net (fo=1, routed)           0.644     0.894    CLK_IBUF
    BUFGCTRL_X0Y16       BUFG (Prop_bufg_I_O)         0.026     0.920 r  CLK_IBUF_BUFG_inst/O
                         net (fo=51, routed)          0.568     1.487    u_seg8/CLK_IBUF_BUFG
    SLICE_X42Y93         FDRE                                         r  u_seg8/digit_sel_reg[2]/C
  -------------------------------------------------------------------    -------------------
    SLICE_X42Y93         FDRE (Prop_fdre_C_Q)         0.148     1.635 r  u_seg8/digit_sel_reg[2]/Q
                         net (fo=13, routed)          0.170     1.806    ealarm/min_alarm/seg_OBUF[0]_inst_i_1_0
    SLICE_X43Y94         LUT6 (Prop_lut6_I2_O)        0.098     1.904 r  ealarm/min_alarm/seg_OBUF[6]_inst_i_2/O
                         net (fo=7, routed)           0.346     2.250    ealarm/min_alarm/digit_sel_reg[2]_0
    SLICE_X41Y93         LUT4 (Prop_lut4_I1_O)        0.046     2.296 r  ealarm/min_alarm/seg_OBUF[3]_inst_i_1/O
                         net (fo=1, routed)           0.991     3.287    seg_OBUF[3]
    K13                  OBUF (Prop_obuf_I_O)         1.313     4.600 r  seg_OBUF[3]_inst/O
                         net (fo=0)                   0.000     4.600    seg[3]
    K13                                                               r  seg[3] (OUT)
  -------------------------------------------------------------------    -------------------





--------------------------------------------------------------------------------------
Path Group:  (none)
From Clock:  
  To Clock:  sys_clk_pin

Max Delay            28 Endpoints
Min Delay            28 Endpoints
--------------------------------------------------------------------------------------


Max Delay Paths
--------------------------------------------------------------------------------------
Slack:                    inf
  Source:                 rst_n
                            (input port)
  Destination:            divider/count_div_reg[25]/CLR
                            (recovery check against rising-edge clock sys_clk_pin  {rise@0.000ns fall@5.000ns period=10.000ns})
  Path Group:             (none)
  Path Type:              Recovery (Max at Slow Process Corner)
  Data Path Delay:        6.399ns  (logic 1.601ns (25.021%)  route 4.798ns (74.979%))
  Logic Levels:           2  (IBUF=1 LUT1=1)
  Clock Path Skew:        4.935ns (DCD - SCD + CPR)
    Destination Clock Delay (DCD):    4.935ns
    Source Clock Delay      (SCD):    0.000ns
    Clock Pessimism Removal (CPR):    0.000ns

    Location             Delay type                Incr(ns)  Path(ns)    Netlist Resource(s)
  -------------------------------------------------------------------    -------------------
    R15                                               0.000     0.000 r  rst_n (IN)
                         net (fo=0)                   0.000     0.000    rst_n
    R15                  IBUF (Prop_ibuf_I_O)         1.477     1.477 r  rst_n_IBUF_inst/O
                         net (fo=1, routed)           2.576     4.054    divider/rst_n_IBUF
    SLICE_X40Y88         LUT1 (Prop_lut1_I0_O)        0.124     4.178 f  divider/count_div[26]_i_2/O
                         net (fo=66, routed)          2.222     6.399    divider/rst_n
    SLICE_X51Y98         FDCE                                         f  divider/count_div_reg[25]/CLR
  -------------------------------------------------------------------    -------------------

                         (clock sys_clk_pin rise edge)
                                                      0.000     0.000 r  
    E3                                                0.000     0.000 r  CLK (IN)
                         net (fo=0)                   0.000     0.000    CLK
    E3                   IBUF (Prop_ibuf_I_O)         1.411     1.411 r  CLK_IBUF_inst/O
                         net (fo=1, routed)           1.920     3.331    CLK_IBUF
    BUFGCTRL_X0Y16       BUFG (Prop_bufg_I_O)         0.091     3.422 r  CLK_IBUF_BUFG_inst/O
                         net (fo=51, routed)          1.512     4.935    divider/CLK_IBUF_BUFG
    SLICE_X51Y98         FDCE                                         r  divider/count_div_reg[25]/C

Slack:                    inf
  Source:                 rst_n
                            (input port)
  Destination:            divider/count_div_reg[26]/CLR
                            (recovery check against rising-edge clock sys_clk_pin  {rise@0.000ns fall@5.000ns period=10.000ns})
  Path Group:             (none)
  Path Type:              Recovery (Max at Slow Process Corner)
  Data Path Delay:        6.399ns  (logic 1.601ns (25.021%)  route 4.798ns (74.979%))
  Logic Levels:           2  (IBUF=1 LUT1=1)
  Clock Path Skew:        4.935ns (DCD - SCD + CPR)
    Destination Clock Delay (DCD):    4.935ns
    Source Clock Delay      (SCD):    0.000ns
    Clock Pessimism Removal (CPR):    0.000ns

    Location             Delay type                Incr(ns)  Path(ns)    Netlist Resource(s)
  -------------------------------------------------------------------    -------------------
    R15                                               0.000     0.000 r  rst_n (IN)
                         net (fo=0)                   0.000     0.000    rst_n
    R15                  IBUF (Prop_ibuf_I_O)         1.477     1.477 r  rst_n_IBUF_inst/O
                         net (fo=1, routed)           2.576     4.054    divider/rst_n_IBUF
    SLICE_X40Y88         LUT1 (Prop_lut1_I0_O)        0.124     4.178 f  divider/count_div[26]_i_2/O
                         net (fo=66, routed)          2.222     6.399    divider/rst_n
    SLICE_X51Y98         FDCE                                         f  divider/count_div_reg[26]/CLR
  -------------------------------------------------------------------    -------------------

                         (clock sys_clk_pin rise edge)
                                                      0.000     0.000 r  
    E3                                                0.000     0.000 r  CLK (IN)
                         net (fo=0)                   0.000     0.000    CLK
    E3                   IBUF (Prop_ibuf_I_O)         1.411     1.411 r  CLK_IBUF_inst/O
                         net (fo=1, routed)           1.920     3.331    CLK_IBUF
    BUFGCTRL_X0Y16       BUFG (Prop_bufg_I_O)         0.091     3.422 r  CLK_IBUF_BUFG_inst/O
                         net (fo=51, routed)          1.512     4.935    divider/CLK_IBUF_BUFG
    SLICE_X51Y98         FDCE                                         r  divider/count_div_reg[26]/C

Slack:                    inf
  Source:                 rst_n
                            (input port)
  Destination:            divider/count_div_reg[21]/CLR
                            (recovery check against rising-edge clock sys_clk_pin  {rise@0.000ns fall@5.000ns period=10.000ns})
  Path Group:             (none)
  Path Type:              Recovery (Max at Slow Process Corner)
  Data Path Delay:        6.261ns  (logic 1.601ns (25.575%)  route 4.660ns (74.425%))
  Logic Levels:           2  (IBUF=1 LUT1=1)
  Clock Path Skew:        4.935ns (DCD - SCD + CPR)
    Destination Clock Delay (DCD):    4.935ns
    Source Clock Delay      (SCD):    0.000ns
    Clock Pessimism Removal (CPR):    0.000ns

    Location             Delay type                Incr(ns)  Path(ns)    Netlist Resource(s)
  -------------------------------------------------------------------    -------------------
    R15                                               0.000     0.000 r  rst_n (IN)
                         net (fo=0)                   0.000     0.000    rst_n
    R15                  IBUF (Prop_ibuf_I_O)         1.477     1.477 r  rst_n_IBUF_inst/O
                         net (fo=1, routed)           2.576     4.054    divider/rst_n_IBUF
    SLICE_X40Y88         LUT1 (Prop_lut1_I0_O)        0.124     4.178 f  divider/count_div[26]_i_2/O
                         net (fo=66, routed)          2.083     6.261    divider/rst_n
    SLICE_X51Y97         FDCE                                         f  divider/count_div_reg[21]/CLR
  -------------------------------------------------------------------    -------------------

                         (clock sys_clk_pin rise edge)
                                                      0.000     0.000 r  
    E3                                                0.000     0.000 r  CLK (IN)
                         net (fo=0)                   0.000     0.000    CLK
    E3                   IBUF (Prop_ibuf_I_O)         1.411     1.411 r  CLK_IBUF_inst/O
                         net (fo=1, routed)           1.920     3.331    CLK_IBUF
    BUFGCTRL_X0Y16       BUFG (Prop_bufg_I_O)         0.091     3.422 r  CLK_IBUF_BUFG_inst/O
                         net (fo=51, routed)          1.512     4.935    divider/CLK_IBUF_BUFG
    SLICE_X51Y97         FDCE                                         r  divider/count_div_reg[21]/C

Slack:                    inf
  Source:                 rst_n
                            (input port)
  Destination:            divider/count_div_reg[22]/CLR
                            (recovery check against rising-edge clock sys_clk_pin  {rise@0.000ns fall@5.000ns period=10.000ns})
  Path Group:             (none)
  Path Type:              Recovery (Max at Slow Process Corner)
  Data Path Delay:        6.261ns  (logic 1.601ns (25.575%)  route 4.660ns (74.425%))
  Logic Levels:           2  (IBUF=1 LUT1=1)
  Clock Path Skew:        4.935ns (DCD - SCD + CPR)
    Destination Clock Delay (DCD):    4.935ns
    Source Clock Delay      (SCD):    0.000ns
    Clock Pessimism Removal (CPR):    0.000ns

    Location             Delay type                Incr(ns)  Path(ns)    Netlist Resource(s)
  -------------------------------------------------------------------    -------------------
    R15                                               0.000     0.000 r  rst_n (IN)
                         net (fo=0)                   0.000     0.000    rst_n
    R15                  IBUF (Prop_ibuf_I_O)         1.477     1.477 r  rst_n_IBUF_inst/O
                         net (fo=1, routed)           2.576     4.054    divider/rst_n_IBUF
    SLICE_X40Y88         LUT1 (Prop_lut1_I0_O)        0.124     4.178 f  divider/count_div[26]_i_2/O
                         net (fo=66, routed)          2.083     6.261    divider/rst_n
    SLICE_X51Y97         FDCE                                         f  divider/count_div_reg[22]/CLR
  -------------------------------------------------------------------    -------------------

                         (clock sys_clk_pin rise edge)
                                                      0.000     0.000 r  
    E3                                                0.000     0.000 r  CLK (IN)
                         net (fo=0)                   0.000     0.000    CLK
    E3                   IBUF (Prop_ibuf_I_O)         1.411     1.411 r  CLK_IBUF_inst/O
                         net (fo=1, routed)           1.920     3.331    CLK_IBUF
    BUFGCTRL_X0Y16       BUFG (Prop_bufg_I_O)         0.091     3.422 r  CLK_IBUF_BUFG_inst/O
                         net (fo=51, routed)          1.512     4.935    divider/CLK_IBUF_BUFG
    SLICE_X51Y97         FDCE                                         r  divider/count_div_reg[22]/C

Slack:                    inf
  Source:                 rst_n
                            (input port)
  Destination:            divider/count_div_reg[23]/CLR
                            (recovery check against rising-edge clock sys_clk_pin  {rise@0.000ns fall@5.000ns period=10.000ns})
  Path Group:             (none)
  Path Type:              Recovery (Max at Slow Process Corner)
  Data Path Delay:        6.261ns  (logic 1.601ns (25.575%)  route 4.660ns (74.425%))
  Logic Levels:           2  (IBUF=1 LUT1=1)
  Clock Path Skew:        4.935ns (DCD - SCD + CPR)
    Destination Clock Delay (DCD):    4.935ns
    Source Clock Delay      (SCD):    0.000ns
    Clock Pessimism Removal (CPR):    0.000ns

    Location             Delay type                Incr(ns)  Path(ns)    Netlist Resource(s)
  -------------------------------------------------------------------    -------------------
    R15                                               0.000     0.000 r  rst_n (IN)
                         net (fo=0)                   0.000     0.000    rst_n
    R15                  IBUF (Prop_ibuf_I_O)         1.477     1.477 r  rst_n_IBUF_inst/O
                         net (fo=1, routed)           2.576     4.054    divider/rst_n_IBUF
    SLICE_X40Y88         LUT1 (Prop_lut1_I0_O)        0.124     4.178 f  divider/count_div[26]_i_2/O
                         net (fo=66, routed)          2.083     6.261    divider/rst_n
    SLICE_X51Y97         FDCE                                         f  divider/count_div_reg[23]/CLR
  -------------------------------------------------------------------    -------------------

                         (clock sys_clk_pin rise edge)
                                                      0.000     0.000 r  
    E3                                                0.000     0.000 r  CLK (IN)
                         net (fo=0)                   0.000     0.000    CLK
    E3                   IBUF (Prop_ibuf_I_O)         1.411     1.411 r  CLK_IBUF_inst/O
                         net (fo=1, routed)           1.920     3.331    CLK_IBUF
    BUFGCTRL_X0Y16       BUFG (Prop_bufg_I_O)         0.091     3.422 r  CLK_IBUF_BUFG_inst/O
                         net (fo=51, routed)          1.512     4.935    divider/CLK_IBUF_BUFG
    SLICE_X51Y97         FDCE                                         r  divider/count_div_reg[23]/C

Slack:                    inf
  Source:                 rst_n
                            (input port)
  Destination:            divider/count_div_reg[24]/CLR
                            (recovery check against rising-edge clock sys_clk_pin  {rise@0.000ns fall@5.000ns period=10.000ns})
  Path Group:             (none)
  Path Type:              Recovery (Max at Slow Process Corner)
  Data Path Delay:        6.261ns  (logic 1.601ns (25.575%)  route 4.660ns (74.425%))
  Logic Levels:           2  (IBUF=1 LUT1=1)
  Clock Path Skew:        4.935ns (DCD - SCD + CPR)
    Destination Clock Delay (DCD):    4.935ns
    Source Clock Delay      (SCD):    0.000ns
    Clock Pessimism Removal (CPR):    0.000ns

    Location             Delay type                Incr(ns)  Path(ns)    Netlist Resource(s)
  -------------------------------------------------------------------    -------------------
    R15                                               0.000     0.000 r  rst_n (IN)
                         net (fo=0)                   0.000     0.000    rst_n
    R15                  IBUF (Prop_ibuf_I_O)         1.477     1.477 r  rst_n_IBUF_inst/O
                         net (fo=1, routed)           2.576     4.054    divider/rst_n_IBUF
    SLICE_X40Y88         LUT1 (Prop_lut1_I0_O)        0.124     4.178 f  divider/count_div[26]_i_2/O
                         net (fo=66, routed)          2.083     6.261    divider/rst_n
    SLICE_X51Y97         FDCE                                         f  divider/count_div_reg[24]/CLR
  -------------------------------------------------------------------    -------------------

                         (clock sys_clk_pin rise edge)
                                                      0.000     0.000 r  
    E3                                                0.000     0.000 r  CLK (IN)
                         net (fo=0)                   0.000     0.000    CLK
    E3                   IBUF (Prop_ibuf_I_O)         1.411     1.411 r  CLK_IBUF_inst/O
                         net (fo=1, routed)           1.920     3.331    CLK_IBUF
    BUFGCTRL_X0Y16       BUFG (Prop_bufg_I_O)         0.091     3.422 r  CLK_IBUF_BUFG_inst/O
                         net (fo=51, routed)          1.512     4.935    divider/CLK_IBUF_BUFG
    SLICE_X51Y97         FDCE                                         r  divider/count_div_reg[24]/C

Slack:                    inf
  Source:                 rst_n
                            (input port)
  Destination:            divider/count_div_reg[0]/CLR
                            (recovery check against rising-edge clock sys_clk_pin  {rise@0.000ns fall@5.000ns period=10.000ns})
  Path Group:             (none)
  Path Type:              Recovery (Max at Slow Process Corner)
  Data Path Delay:        6.112ns  (logic 1.601ns (26.195%)  route 4.511ns (73.805%))
  Logic Levels:           2  (IBUF=1 LUT1=1)
  Clock Path Skew:        4.934ns (DCD - SCD + CPR)
    Destination Clock Delay (DCD):    4.934ns
    Source Clock Delay      (SCD):    0.000ns
    Clock Pessimism Removal (CPR):    0.000ns

    Location             Delay type                Incr(ns)  Path(ns)    Netlist Resource(s)
  -------------------------------------------------------------------    -------------------
    R15                                               0.000     0.000 r  rst_n (IN)
                         net (fo=0)                   0.000     0.000    rst_n
    R15                  IBUF (Prop_ibuf_I_O)         1.477     1.477 r  rst_n_IBUF_inst/O
                         net (fo=1, routed)           2.576     4.054    divider/rst_n_IBUF
    SLICE_X40Y88         LUT1 (Prop_lut1_I0_O)        0.124     4.178 f  divider/count_div[26]_i_2/O
                         net (fo=66, routed)          1.935     6.112    divider/rst_n
    SLICE_X50Y96         FDCE                                         f  divider/count_div_reg[0]/CLR
  -------------------------------------------------------------------    -------------------

                         (clock sys_clk_pin rise edge)
                                                      0.000     0.000 r  
    E3                                                0.000     0.000 r  CLK (IN)
                         net (fo=0)                   0.000     0.000    CLK
    E3                   IBUF (Prop_ibuf_I_O)         1.411     1.411 r  CLK_IBUF_inst/O
                         net (fo=1, routed)           1.920     3.331    CLK_IBUF
    BUFGCTRL_X0Y16       BUFG (Prop_bufg_I_O)         0.091     3.422 r  CLK_IBUF_BUFG_inst/O
                         net (fo=51, routed)          1.511     4.934    divider/CLK_IBUF_BUFG
    SLICE_X50Y96         FDCE                                         r  divider/count_div_reg[0]/C

Slack:                    inf
  Source:                 rst_n
                            (input port)
  Destination:            divider/count_div_reg[17]/CLR
                            (recovery check against rising-edge clock sys_clk_pin  {rise@0.000ns fall@5.000ns period=10.000ns})
  Path Group:             (none)
  Path Type:              Recovery (Max at Slow Process Corner)
  Data Path Delay:        6.112ns  (logic 1.601ns (26.195%)  route 4.511ns (73.805%))
  Logic Levels:           2  (IBUF=1 LUT1=1)
  Clock Path Skew:        4.934ns (DCD - SCD + CPR)
    Destination Clock Delay (DCD):    4.934ns
    Source Clock Delay      (SCD):    0.000ns
    Clock Pessimism Removal (CPR):    0.000ns

    Location             Delay type                Incr(ns)  Path(ns)    Netlist Resource(s)
  -------------------------------------------------------------------    -------------------
    R15                                               0.000     0.000 r  rst_n (IN)
                         net (fo=0)                   0.000     0.000    rst_n
    R15                  IBUF (Prop_ibuf_I_O)         1.477     1.477 r  rst_n_IBUF_inst/O
                         net (fo=1, routed)           2.576     4.054    divider/rst_n_IBUF
    SLICE_X40Y88         LUT1 (Prop_lut1_I0_O)        0.124     4.178 f  divider/count_div[26]_i_2/O
                         net (fo=66, routed)          1.935     6.112    divider/rst_n
    SLICE_X51Y96         FDCE                                         f  divider/count_div_reg[17]/CLR
  -------------------------------------------------------------------    -------------------

                         (clock sys_clk_pin rise edge)
                                                      0.000     0.000 r  
    E3                                                0.000     0.000 r  CLK (IN)
                         net (fo=0)                   0.000     0.000    CLK
    E3                   IBUF (Prop_ibuf_I_O)         1.411     1.411 r  CLK_IBUF_inst/O
                         net (fo=1, routed)           1.920     3.331    CLK_IBUF
    BUFGCTRL_X0Y16       BUFG (Prop_bufg_I_O)         0.091     3.422 r  CLK_IBUF_BUFG_inst/O
                         net (fo=51, routed)          1.511     4.934    divider/CLK_IBUF_BUFG
    SLICE_X51Y96         FDCE                                         r  divider/count_div_reg[17]/C

Slack:                    inf
  Source:                 rst_n
                            (input port)
  Destination:            divider/count_div_reg[18]/CLR
                            (recovery check against rising-edge clock sys_clk_pin  {rise@0.000ns fall@5.000ns period=10.000ns})
  Path Group:             (none)
  Path Type:              Recovery (Max at Slow Process Corner)
  Data Path Delay:        6.112ns  (logic 1.601ns (26.195%)  route 4.511ns (73.805%))
  Logic Levels:           2  (IBUF=1 LUT1=1)
  Clock Path Skew:        4.934ns (DCD - SCD + CPR)
    Destination Clock Delay (DCD):    4.934ns
    Source Clock Delay      (SCD):    0.000ns
    Clock Pessimism Removal (CPR):    0.000ns

    Location             Delay type                Incr(ns)  Path(ns)    Netlist Resource(s)
  -------------------------------------------------------------------    -------------------
    R15                                               0.000     0.000 r  rst_n (IN)
                         net (fo=0)                   0.000     0.000    rst_n
    R15                  IBUF (Prop_ibuf_I_O)         1.477     1.477 r  rst_n_IBUF_inst/O
                         net (fo=1, routed)           2.576     4.054    divider/rst_n_IBUF
    SLICE_X40Y88         LUT1 (Prop_lut1_I0_O)        0.124     4.178 f  divider/count_div[26]_i_2/O
                         net (fo=66, routed)          1.935     6.112    divider/rst_n
    SLICE_X51Y96         FDCE                                         f  divider/count_div_reg[18]/CLR
  -------------------------------------------------------------------    -------------------

                         (clock sys_clk_pin rise edge)
                                                      0.000     0.000 r  
    E3                                                0.000     0.000 r  CLK (IN)
                         net (fo=0)                   0.000     0.000    CLK
    E3                   IBUF (Prop_ibuf_I_O)         1.411     1.411 r  CLK_IBUF_inst/O
                         net (fo=1, routed)           1.920     3.331    CLK_IBUF
    BUFGCTRL_X0Y16       BUFG (Prop_bufg_I_O)         0.091     3.422 r  CLK_IBUF_BUFG_inst/O
                         net (fo=51, routed)          1.511     4.934    divider/CLK_IBUF_BUFG
    SLICE_X51Y96         FDCE                                         r  divider/count_div_reg[18]/C

Slack:                    inf
  Source:                 rst_n
                            (input port)
  Destination:            divider/count_div_reg[19]/CLR
                            (recovery check against rising-edge clock sys_clk_pin  {rise@0.000ns fall@5.000ns period=10.000ns})
  Path Group:             (none)
  Path Type:              Recovery (Max at Slow Process Corner)
  Data Path Delay:        6.112ns  (logic 1.601ns (26.195%)  route 4.511ns (73.805%))
  Logic Levels:           2  (IBUF=1 LUT1=1)
  Clock Path Skew:        4.934ns (DCD - SCD + CPR)
    Destination Clock Delay (DCD):    4.934ns
    Source Clock Delay      (SCD):    0.000ns
    Clock Pessimism Removal (CPR):    0.000ns

    Location             Delay type                Incr(ns)  Path(ns)    Netlist Resource(s)
  -------------------------------------------------------------------    -------------------
    R15                                               0.000     0.000 r  rst_n (IN)
                         net (fo=0)                   0.000     0.000    rst_n
    R15                  IBUF (Prop_ibuf_I_O)         1.477     1.477 r  rst_n_IBUF_inst/O
                         net (fo=1, routed)           2.576     4.054    divider/rst_n_IBUF
    SLICE_X40Y88         LUT1 (Prop_lut1_I0_O)        0.124     4.178 f  divider/count_div[26]_i_2/O
                         net (fo=66, routed)          1.935     6.112    divider/rst_n
    SLICE_X51Y96         FDCE                                         f  divider/count_div_reg[19]/CLR
  -------------------------------------------------------------------    -------------------

                         (clock sys_clk_pin rise edge)
                                                      0.000     0.000 r  
    E3                                                0.000     0.000 r  CLK (IN)
                         net (fo=0)                   0.000     0.000    CLK
    E3                   IBUF (Prop_ibuf_I_O)         1.411     1.411 r  CLK_IBUF_inst/O
                         net (fo=1, routed)           1.920     3.331    CLK_IBUF
    BUFGCTRL_X0Y16       BUFG (Prop_bufg_I_O)         0.091     3.422 r  CLK_IBUF_BUFG_inst/O
                         net (fo=51, routed)          1.511     4.934    divider/CLK_IBUF_BUFG
    SLICE_X51Y96         FDCE                                         r  divider/count_div_reg[19]/C





Min Delay Paths
--------------------------------------------------------------------------------------
Slack:                    inf
  Source:                 rst_n
                            (input port)
  Destination:            divider/count_div_reg[1]/CLR
                            (removal check against rising-edge clock sys_clk_pin  {rise@0.000ns fall@5.000ns period=10.000ns})
  Path Group:             (none)
  Path Type:              Removal (Min at Fast Process Corner)
  Data Path Delay:        1.980ns  (logic 0.290ns (14.650%)  route 1.690ns (85.350%))
  Logic Levels:           2  (IBUF=1 LUT1=1)
  Clock Path Skew:        1.999ns (DCD - SCD - CPR)
    Destination Clock Delay (DCD):    1.999ns
    Source Clock Delay      (SCD):    0.000ns
    Clock Pessimism Removal (CPR):    -0.000ns

    Location             Delay type                Incr(ns)  Path(ns)    Netlist Resource(s)
  -------------------------------------------------------------------    -------------------
    R15                                               0.000     0.000 r  rst_n (IN)
                         net (fo=0)                   0.000     0.000    rst_n
    R15                  IBUF (Prop_ibuf_I_O)         0.245     0.245 r  rst_n_IBUF_inst/O
                         net (fo=1, routed)           1.147     1.392    divider/rst_n_IBUF
    SLICE_X40Y88         LUT1 (Prop_lut1_I0_O)        0.045     1.437 f  divider/count_div[26]_i_2/O
                         net (fo=66, routed)          0.542     1.980    divider/rst_n
    SLICE_X51Y92         FDCE                                         f  divider/count_div_reg[1]/CLR
  -------------------------------------------------------------------    -------------------

                         (clock sys_clk_pin rise edge)
                                                      0.000     0.000 r  
    E3                                                0.000     0.000 r  CLK (IN)
                         net (fo=0)                   0.000     0.000    CLK
    E3                   IBUF (Prop_ibuf_I_O)         0.438     0.438 r  CLK_IBUF_inst/O
                         net (fo=1, routed)           0.699     1.136    CLK_IBUF
    BUFGCTRL_X0Y16       BUFG (Prop_bufg_I_O)         0.029     1.165 r  CLK_IBUF_BUFG_inst/O
                         net (fo=51, routed)          0.834     1.999    divider/CLK_IBUF_BUFG
    SLICE_X51Y92         FDCE                                         r  divider/count_div_reg[1]/C

Slack:                    inf
  Source:                 rst_n
                            (input port)
  Destination:            divider/count_div_reg[2]/CLR
                            (removal check against rising-edge clock sys_clk_pin  {rise@0.000ns fall@5.000ns period=10.000ns})
  Path Group:             (none)
  Path Type:              Removal (Min at Fast Process Corner)
  Data Path Delay:        1.980ns  (logic 0.290ns (14.650%)  route 1.690ns (85.350%))
  Logic Levels:           2  (IBUF=1 LUT1=1)
  Clock Path Skew:        1.999ns (DCD - SCD - CPR)
    Destination Clock Delay (DCD):    1.999ns
    Source Clock Delay      (SCD):    0.000ns
    Clock Pessimism Removal (CPR):    -0.000ns

    Location             Delay type                Incr(ns)  Path(ns)    Netlist Resource(s)
  -------------------------------------------------------------------    -------------------
    R15                                               0.000     0.000 r  rst_n (IN)
                         net (fo=0)                   0.000     0.000    rst_n
    R15                  IBUF (Prop_ibuf_I_O)         0.245     0.245 r  rst_n_IBUF_inst/O
                         net (fo=1, routed)           1.147     1.392    divider/rst_n_IBUF
    SLICE_X40Y88         LUT1 (Prop_lut1_I0_O)        0.045     1.437 f  divider/count_div[26]_i_2/O
                         net (fo=66, routed)          0.542     1.980    divider/rst_n
    SLICE_X51Y92         FDCE                                         f  divider/count_div_reg[2]/CLR
  -------------------------------------------------------------------    -------------------

                         (clock sys_clk_pin rise edge)
                                                      0.000     0.000 r  
    E3                                                0.000     0.000 r  CLK (IN)
                         net (fo=0)                   0.000     0.000    CLK
    E3                   IBUF (Prop_ibuf_I_O)         0.438     0.438 r  CLK_IBUF_inst/O
                         net (fo=1, routed)           0.699     1.136    CLK_IBUF
    BUFGCTRL_X0Y16       BUFG (Prop_bufg_I_O)         0.029     1.165 r  CLK_IBUF_BUFG_inst/O
                         net (fo=51, routed)          0.834     1.999    divider/CLK_IBUF_BUFG
    SLICE_X51Y92         FDCE                                         r  divider/count_div_reg[2]/C

Slack:                    inf
  Source:                 rst_n
                            (input port)
  Destination:            divider/count_div_reg[3]/CLR
                            (removal check against rising-edge clock sys_clk_pin  {rise@0.000ns fall@5.000ns period=10.000ns})
  Path Group:             (none)
  Path Type:              Removal (Min at Fast Process Corner)
  Data Path Delay:        1.980ns  (logic 0.290ns (14.650%)  route 1.690ns (85.350%))
  Logic Levels:           2  (IBUF=1 LUT1=1)
  Clock Path Skew:        1.999ns (DCD - SCD - CPR)
    Destination Clock Delay (DCD):    1.999ns
    Source Clock Delay      (SCD):    0.000ns
    Clock Pessimism Removal (CPR):    -0.000ns

    Location             Delay type                Incr(ns)  Path(ns)    Netlist Resource(s)
  -------------------------------------------------------------------    -------------------
    R15                                               0.000     0.000 r  rst_n (IN)
                         net (fo=0)                   0.000     0.000    rst_n
    R15                  IBUF (Prop_ibuf_I_O)         0.245     0.245 r  rst_n_IBUF_inst/O
                         net (fo=1, routed)           1.147     1.392    divider/rst_n_IBUF
    SLICE_X40Y88         LUT1 (Prop_lut1_I0_O)        0.045     1.437 f  divider/count_div[26]_i_2/O
                         net (fo=66, routed)          0.542     1.980    divider/rst_n
    SLICE_X51Y92         FDCE                                         f  divider/count_div_reg[3]/CLR
  -------------------------------------------------------------------    -------------------

                         (clock sys_clk_pin rise edge)
                                                      0.000     0.000 r  
    E3                                                0.000     0.000 r  CLK (IN)
                         net (fo=0)                   0.000     0.000    CLK
    E3                   IBUF (Prop_ibuf_I_O)         0.438     0.438 r  CLK_IBUF_inst/O
                         net (fo=1, routed)           0.699     1.136    CLK_IBUF
    BUFGCTRL_X0Y16       BUFG (Prop_bufg_I_O)         0.029     1.165 r  CLK_IBUF_BUFG_inst/O
                         net (fo=51, routed)          0.834     1.999    divider/CLK_IBUF_BUFG
    SLICE_X51Y92         FDCE                                         r  divider/count_div_reg[3]/C

Slack:                    inf
  Source:                 rst_n
                            (input port)
  Destination:            divider/count_div_reg[4]/CLR
                            (removal check against rising-edge clock sys_clk_pin  {rise@0.000ns fall@5.000ns period=10.000ns})
  Path Group:             (none)
  Path Type:              Removal (Min at Fast Process Corner)
  Data Path Delay:        1.980ns  (logic 0.290ns (14.650%)  route 1.690ns (85.350%))
  Logic Levels:           2  (IBUF=1 LUT1=1)
  Clock Path Skew:        1.999ns (DCD - SCD - CPR)
    Destination Clock Delay (DCD):    1.999ns
    Source Clock Delay      (SCD):    0.000ns
    Clock Pessimism Removal (CPR):    -0.000ns

    Location             Delay type                Incr(ns)  Path(ns)    Netlist Resource(s)
  -------------------------------------------------------------------    -------------------
    R15                                               0.000     0.000 r  rst_n (IN)
                         net (fo=0)                   0.000     0.000    rst_n
    R15                  IBUF (Prop_ibuf_I_O)         0.245     0.245 r  rst_n_IBUF_inst/O
                         net (fo=1, routed)           1.147     1.392    divider/rst_n_IBUF
    SLICE_X40Y88         LUT1 (Prop_lut1_I0_O)        0.045     1.437 f  divider/count_div[26]_i_2/O
                         net (fo=66, routed)          0.542     1.980    divider/rst_n
    SLICE_X51Y92         FDCE                                         f  divider/count_div_reg[4]/CLR
  -------------------------------------------------------------------    -------------------

                         (clock sys_clk_pin rise edge)
                                                      0.000     0.000 r  
    E3                                                0.000     0.000 r  CLK (IN)
                         net (fo=0)                   0.000     0.000    CLK
    E3                   IBUF (Prop_ibuf_I_O)         0.438     0.438 r  CLK_IBUF_inst/O
                         net (fo=1, routed)           0.699     1.136    CLK_IBUF
    BUFGCTRL_X0Y16       BUFG (Prop_bufg_I_O)         0.029     1.165 r  CLK_IBUF_BUFG_inst/O
                         net (fo=51, routed)          0.834     1.999    divider/CLK_IBUF_BUFG
    SLICE_X51Y92         FDCE                                         r  divider/count_div_reg[4]/C

Slack:                    inf
  Source:                 rst_n
                            (input port)
  Destination:            divider/count_div_reg[5]/CLR
                            (removal check against rising-edge clock sys_clk_pin  {rise@0.000ns fall@5.000ns period=10.000ns})
  Path Group:             (none)
  Path Type:              Removal (Min at Fast Process Corner)
  Data Path Delay:        2.043ns  (logic 0.290ns (14.196%)  route 1.753ns (85.804%))
  Logic Levels:           2  (IBUF=1 LUT1=1)
  Clock Path Skew:        2.000ns (DCD - SCD - CPR)
    Destination Clock Delay (DCD):    2.000ns
    Source Clock Delay      (SCD):    0.000ns
    Clock Pessimism Removal (CPR):    -0.000ns

    Location             Delay type                Incr(ns)  Path(ns)    Netlist Resource(s)
  -------------------------------------------------------------------    -------------------
    R15                                               0.000     0.000 r  rst_n (IN)
                         net (fo=0)                   0.000     0.000    rst_n
    R15                  IBUF (Prop_ibuf_I_O)         0.245     0.245 r  rst_n_IBUF_inst/O
                         net (fo=1, routed)           1.147     1.392    divider/rst_n_IBUF
    SLICE_X40Y88         LUT1 (Prop_lut1_I0_O)        0.045     1.437 f  divider/count_div[26]_i_2/O
                         net (fo=66, routed)          0.606     2.043    divider/rst_n
    SLICE_X51Y93         FDCE                                         f  divider/count_div_reg[5]/CLR
  -------------------------------------------------------------------    -------------------

                         (clock sys_clk_pin rise edge)
                                                      0.000     0.000 r  
    E3                                                0.000     0.000 r  CLK (IN)
                         net (fo=0)                   0.000     0.000    CLK
    E3                   IBUF (Prop_ibuf_I_O)         0.438     0.438 r  CLK_IBUF_inst/O
                         net (fo=1, routed)           0.699     1.136    CLK_IBUF
    BUFGCTRL_X0Y16       BUFG (Prop_bufg_I_O)         0.029     1.165 r  CLK_IBUF_BUFG_inst/O
                         net (fo=51, routed)          0.835     2.000    divider/CLK_IBUF_BUFG
    SLICE_X51Y93         FDCE                                         r  divider/count_div_reg[5]/C

Slack:                    inf
  Source:                 rst_n
                            (input port)
  Destination:            divider/count_div_reg[6]/CLR
                            (removal check against rising-edge clock sys_clk_pin  {rise@0.000ns fall@5.000ns period=10.000ns})
  Path Group:             (none)
  Path Type:              Removal (Min at Fast Process Corner)
  Data Path Delay:        2.043ns  (logic 0.290ns (14.196%)  route 1.753ns (85.804%))
  Logic Levels:           2  (IBUF=1 LUT1=1)
  Clock Path Skew:        2.000ns (DCD - SCD - CPR)
    Destination Clock Delay (DCD):    2.000ns
    Source Clock Delay      (SCD):    0.000ns
    Clock Pessimism Removal (CPR):    -0.000ns

    Location             Delay type                Incr(ns)  Path(ns)    Netlist Resource(s)
  -------------------------------------------------------------------    -------------------
    R15                                               0.000     0.000 r  rst_n (IN)
                         net (fo=0)                   0.000     0.000    rst_n
    R15                  IBUF (Prop_ibuf_I_O)         0.245     0.245 r  rst_n_IBUF_inst/O
                         net (fo=1, routed)           1.147     1.392    divider/rst_n_IBUF
    SLICE_X40Y88         LUT1 (Prop_lut1_I0_O)        0.045     1.437 f  divider/count_div[26]_i_2/O
                         net (fo=66, routed)          0.606     2.043    divider/rst_n
    SLICE_X51Y93         FDCE                                         f  divider/count_div_reg[6]/CLR
  -------------------------------------------------------------------    -------------------

                         (clock sys_clk_pin rise edge)
                                                      0.000     0.000 r  
    E3                                                0.000     0.000 r  CLK (IN)
                         net (fo=0)                   0.000     0.000    CLK
    E3                   IBUF (Prop_ibuf_I_O)         0.438     0.438 r  CLK_IBUF_inst/O
                         net (fo=1, routed)           0.699     1.136    CLK_IBUF
    BUFGCTRL_X0Y16       BUFG (Prop_bufg_I_O)         0.029     1.165 r  CLK_IBUF_BUFG_inst/O
                         net (fo=51, routed)          0.835     2.000    divider/CLK_IBUF_BUFG
    SLICE_X51Y93         FDCE                                         r  divider/count_div_reg[6]/C

Slack:                    inf
  Source:                 rst_n
                            (input port)
  Destination:            divider/count_div_reg[7]/CLR
                            (removal check against rising-edge clock sys_clk_pin  {rise@0.000ns fall@5.000ns period=10.000ns})
  Path Group:             (none)
  Path Type:              Removal (Min at Fast Process Corner)
  Data Path Delay:        2.043ns  (logic 0.290ns (14.196%)  route 1.753ns (85.804%))
  Logic Levels:           2  (IBUF=1 LUT1=1)
  Clock Path Skew:        2.000ns (DCD - SCD - CPR)
    Destination Clock Delay (DCD):    2.000ns
    Source Clock Delay      (SCD):    0.000ns
    Clock Pessimism Removal (CPR):    -0.000ns

    Location             Delay type                Incr(ns)  Path(ns)    Netlist Resource(s)
  -------------------------------------------------------------------    -------------------
    R15                                               0.000     0.000 r  rst_n (IN)
                         net (fo=0)                   0.000     0.000    rst_n
    R15                  IBUF (Prop_ibuf_I_O)         0.245     0.245 r  rst_n_IBUF_inst/O
                         net (fo=1, routed)           1.147     1.392    divider/rst_n_IBUF
    SLICE_X40Y88         LUT1 (Prop_lut1_I0_O)        0.045     1.437 f  divider/count_div[26]_i_2/O
                         net (fo=66, routed)          0.606     2.043    divider/rst_n
    SLICE_X51Y93         FDCE                                         f  divider/count_div_reg[7]/CLR
  -------------------------------------------------------------------    -------------------

                         (clock sys_clk_pin rise edge)
                                                      0.000     0.000 r  
    E3                                                0.000     0.000 r  CLK (IN)
                         net (fo=0)                   0.000     0.000    CLK
    E3                   IBUF (Prop_ibuf_I_O)         0.438     0.438 r  CLK_IBUF_inst/O
                         net (fo=1, routed)           0.699     1.136    CLK_IBUF
    BUFGCTRL_X0Y16       BUFG (Prop_bufg_I_O)         0.029     1.165 r  CLK_IBUF_BUFG_inst/O
                         net (fo=51, routed)          0.835     2.000    divider/CLK_IBUF_BUFG
    SLICE_X51Y93         FDCE                                         r  divider/count_div_reg[7]/C

Slack:                    inf
  Source:                 rst_n
                            (input port)
  Destination:            divider/count_div_reg[8]/CLR
                            (removal check against rising-edge clock sys_clk_pin  {rise@0.000ns fall@5.000ns period=10.000ns})
  Path Group:             (none)
  Path Type:              Removal (Min at Fast Process Corner)
  Data Path Delay:        2.043ns  (logic 0.290ns (14.196%)  route 1.753ns (85.804%))
  Logic Levels:           2  (IBUF=1 LUT1=1)
  Clock Path Skew:        2.000ns (DCD - SCD - CPR)
    Destination Clock Delay (DCD):    2.000ns
    Source Clock Delay      (SCD):    0.000ns
    Clock Pessimism Removal (CPR):    -0.000ns

    Location             Delay type                Incr(ns)  Path(ns)    Netlist Resource(s)
  -------------------------------------------------------------------    -------------------
    R15                                               0.000     0.000 r  rst_n (IN)
                         net (fo=0)                   0.000     0.000    rst_n
    R15                  IBUF (Prop_ibuf_I_O)         0.245     0.245 r  rst_n_IBUF_inst/O
                         net (fo=1, routed)           1.147     1.392    divider/rst_n_IBUF
    SLICE_X40Y88         LUT1 (Prop_lut1_I0_O)        0.045     1.437 f  divider/count_div[26]_i_2/O
                         net (fo=66, routed)          0.606     2.043    divider/rst_n
    SLICE_X51Y93         FDCE                                         f  divider/count_div_reg[8]/CLR
  -------------------------------------------------------------------    -------------------

                         (clock sys_clk_pin rise edge)
                                                      0.000     0.000 r  
    E3                                                0.000     0.000 r  CLK (IN)
                         net (fo=0)                   0.000     0.000    CLK
    E3                   IBUF (Prop_ibuf_I_O)         0.438     0.438 r  CLK_IBUF_inst/O
                         net (fo=1, routed)           0.699     1.136    CLK_IBUF
    BUFGCTRL_X0Y16       BUFG (Prop_bufg_I_O)         0.029     1.165 r  CLK_IBUF_BUFG_inst/O
                         net (fo=51, routed)          0.835     2.000    divider/CLK_IBUF_BUFG
    SLICE_X51Y93         FDCE                                         r  divider/count_div_reg[8]/C

Slack:                    inf
  Source:                 rst_n
                            (input port)
  Destination:            divider/count_div_reg[10]/CLR
                            (removal check against rising-edge clock sys_clk_pin  {rise@0.000ns fall@5.000ns period=10.000ns})
  Path Group:             (none)
  Path Type:              Removal (Min at Fast Process Corner)
  Data Path Delay:        2.106ns  (logic 0.290ns (13.769%)  route 1.816ns (86.231%))
  Logic Levels:           2  (IBUF=1 LUT1=1)
  Clock Path Skew:        2.000ns (DCD - SCD - CPR)
    Destination Clock Delay (DCD):    2.000ns
    Source Clock Delay      (SCD):    0.000ns
    Clock Pessimism Removal (CPR):    -0.000ns

    Location             Delay type                Incr(ns)  Path(ns)    Netlist Resource(s)
  -------------------------------------------------------------------    -------------------
    R15                                               0.000     0.000 r  rst_n (IN)
                         net (fo=0)                   0.000     0.000    rst_n
    R15                  IBUF (Prop_ibuf_I_O)         0.245     0.245 r  rst_n_IBUF_inst/O
                         net (fo=1, routed)           1.147     1.392    divider/rst_n_IBUF
    SLICE_X40Y88         LUT1 (Prop_lut1_I0_O)        0.045     1.437 f  divider/count_div[26]_i_2/O
                         net (fo=66, routed)          0.669     2.106    divider/rst_n
    SLICE_X51Y94         FDCE                                         f  divider/count_div_reg[10]/CLR
  -------------------------------------------------------------------    -------------------

                         (clock sys_clk_pin rise edge)
                                                      0.000     0.000 r  
    E3                                                0.000     0.000 r  CLK (IN)
                         net (fo=0)                   0.000     0.000    CLK
    E3                   IBUF (Prop_ibuf_I_O)         0.438     0.438 r  CLK_IBUF_inst/O
                         net (fo=1, routed)           0.699     1.136    CLK_IBUF
    BUFGCTRL_X0Y16       BUFG (Prop_bufg_I_O)         0.029     1.165 r  CLK_IBUF_BUFG_inst/O
                         net (fo=51, routed)          0.835     2.000    divider/CLK_IBUF_BUFG
    SLICE_X51Y94         FDCE                                         r  divider/count_div_reg[10]/C

Slack:                    inf
  Source:                 rst_n
                            (input port)
  Destination:            divider/count_div_reg[11]/CLR
                            (removal check against rising-edge clock sys_clk_pin  {rise@0.000ns fall@5.000ns period=10.000ns})
  Path Group:             (none)
  Path Type:              Removal (Min at Fast Process Corner)
  Data Path Delay:        2.106ns  (logic 0.290ns (13.769%)  route 1.816ns (86.231%))
  Logic Levels:           2  (IBUF=1 LUT1=1)
  Clock Path Skew:        2.000ns (DCD - SCD - CPR)
    Destination Clock Delay (DCD):    2.000ns
    Source Clock Delay      (SCD):    0.000ns
    Clock Pessimism Removal (CPR):    -0.000ns

    Location             Delay type                Incr(ns)  Path(ns)    Netlist Resource(s)
  -------------------------------------------------------------------    -------------------
    R15                                               0.000     0.000 r  rst_n (IN)
                         net (fo=0)                   0.000     0.000    rst_n
    R15                  IBUF (Prop_ibuf_I_O)         0.245     0.245 r  rst_n_IBUF_inst/O
                         net (fo=1, routed)           1.147     1.392    divider/rst_n_IBUF
    SLICE_X40Y88         LUT1 (Prop_lut1_I0_O)        0.045     1.437 f  divider/count_div[26]_i_2/O
                         net (fo=66, routed)          0.669     2.106    divider/rst_n
    SLICE_X51Y94         FDCE                                         f  divider/count_div_reg[11]/CLR
  -------------------------------------------------------------------    -------------------

                         (clock sys_clk_pin rise edge)
                                                      0.000     0.000 r  
    E3                                                0.000     0.000 r  CLK (IN)
                         net (fo=0)                   0.000     0.000    CLK
    E3                   IBUF (Prop_ibuf_I_O)         0.438     0.438 r  CLK_IBUF_inst/O
                         net (fo=1, routed)           0.699     1.136    CLK_IBUF
    BUFGCTRL_X0Y16       BUFG (Prop_bufg_I_O)         0.029     1.165 r  CLK_IBUF_BUFG_inst/O
                         net (fo=51, routed)          0.835     2.000    divider/CLK_IBUF_BUFG
    SLICE_X51Y94         FDCE                                         r  divider/count_div_reg[11]/C





